person_id,person_age,person_income,person_home_ownership,person_emp_length,loan_intent,loan_grade,loan_amnt,loan_int_rate,loan_status,cb_person_default_on_file,cb_person_cred_hist_length,credit_score,loan_to_income_ratio,number_of_open_accounts,past_delinquency_count
1,27,59000,RENT,7,PERSONAL,D,35000,16.02,1,Y,7,402,0.593220339,2,1
2,40,9600,OWN,5,EDUCATION,B,1000,11.14,0,N,11,735,0.104166667,11,0
3,49,9600,MORTGAGE,1,MEDICAL,C,5500,12.87,1,N,17,570,0.572916667,1,0
4,35,65500,RENT,4,MEDICAL,C,35000,15.23,1,N,12,406,0.534351145,12,0
5,31,54400,RENT,8,MEDICAL,C,35000,14.27,1,Y,15,371,0.643382353,6,5
6,28,9900,OWN,2,VENTURE,A,2500,7.14,1,N,2,320,0.252525253,13,0
7,49,77100,RENT,8,EDUCATION,B,35000,12.42,1,N,16,421,0.453955901,1,0
8,41,78956,RENT,5,MEDICAL,B,35000,11.11,1,N,19,766,0.443284868,9,0
9,27,83000,RENT,8,PERSONAL,A,35000,8.9,1,N,0,514,0.421686747,10,0
10,46,10000,OWN,6,VENTURE,D,1600,14.74,1,N,11,630,0.16,5,0
11,39,85000,RENT,6,VENTURE,B,35000,10.37,1,N,14,758,0.411764706,1,0
12,43,10000,OWN,2,HOMEIMPROVEMENT,A,4500,8.63,1,N,15,387,0.45,12,0
13,31,95000,RENT,2,VENTURE,A,35000,7.9,1,N,13,672,0.368421053,8,0
14,31,108160,RENT,4,EDUCATION,E,35000,18.39,1,N,13,399,0.323594675,1,0
15,44,115000,RENT,2,EDUCATION,A,35000,7.9,0,N,13,430,0.304347826,4,0
16,41,500000,MORTGAGE,7,DEBTCONSOLIDATION,B,30000,10.65,0,N,11,608,0.06,7,0
17,24,120000,RENT,0,EDUCATION,A,35000,7.9,0,N,3,643,0.291666667,4,0
18,28,92111,RENT,7,MEDICAL,F,35000,20.25,1,N,2,791,0.379976333,12,0
19,44,113000,RENT,8,DEBTCONSOLIDATION,D,35000,18.25,1,N,10,713,0.309734513,5,0
20,23,10800,MORTGAGE,8,EDUCATION,B,1750,10.99,1,N,3,685,0.162037037,7,0
21,42,162500,RENT,2,VENTURE,A,35000,7.49,0,N,15,491,0.215384615,4,0
22,41,137000,RENT,9,PERSONAL,E,34800,16.77,0,Y,10,576,0.254014599,5,1
23,22,65000,RENT,4,EDUCATION,D,34000,17.58,1,N,1,460,0.523076923,7,0
24,44,10980,OWN,0,PERSONAL,A,1500,7.29,0,N,15,759,0.136612022,1,0
25,32,80000,RENT,3,PERSONAL,D,33950,14.54,1,Y,10,613,0.424375,12,1
26,50,67746,RENT,8,HOMEIMPROVEMENT,C,33000,12.68,1,N,15,321,0.48711363,3,0
27,26,11000,MORTGAGE,3,VENTURE,E,4575,17.74,1,Y,1,552,0.415909091,1,1
28,22,11000,OWN,0,PERSONAL,A,1400,9.32,0,N,7,774,0.127272727,14,0
29,48,65000,RENT,6,HOMEIMPROVEMENT,B,32500,9.99,1,N,20,358,0.5,3,0
30,41,11389,OTHER,5,EDUCATION,C,4000,12.84,1,Y,11,810,0.351216086,11,5
31,21,11520,OWN,5,MEDICAL,B,2000,11.12,1,N,1,775,0.173611111,2,0
32,32,120000,RENT,2,VENTURE,A,32000,6.62,0,N,13,489,0.266666667,5,0
33,46,95000,RENT,7,HOMEIMPROVEMENT,C,31050,14.17,1,Y,20,543,0.326842105,10,4
34,42,306000,RENT,2,DEBTCONSOLIDATION,C,24250,13.85,0,N,12,804,0.079248366,5,0
35,49,300000,MORTGAGE,10,MEDICAL,C,7800,13.49,0,N,13,430,0.026,10,0
36,32,12000,OWN,5,EDUCATION,A,2500,7.51,1,N,16,784,0.208333333,9,0
37,45,48000,RENT,1,EDUCATION,E,30000,18.39,1,N,20,320,0.625,8,0
38,37,64000,RENT,8,DEBTCONSOLIDATION,D,30000,14.54,1,Y,10,466,0.46875,3,4
39,47,75000,RENT,4,HOMEIMPROVEMENT,D,30000,16.89,1,Y,15,573,0.4,1,4
40,47,71500,RENT,3,DEBTCONSOLIDATION,D,30000,,1,N,12,687,0.41958042,5,0
41,30,62050,RENT,6,MEDICAL,E,30000,17.99,1,N,2,615,0.483481064,11,0
42,48,12000,OWN,4,VENTURE,B,2500,12.69,1,N,19,313,0.208333333,3,0
43,48,300000,MORTGAGE,10,VENTURE,A,20000,7.88,0,N,16,541,0.066666667,5,0
44,36,300000,OWN,1,EDUCATION,F,24250,19.41,0,Y,19,645,0.080833333,9,5
45,35,300000,OWN,9,HOMEIMPROVEMENT,B,10000,10.38,0,N,11,639,0.033333333,11,0
46,50,300000,MORTGAGE,0,EDUCATION,D,25000,15.33,0,N,11,391,0.083333333,14,0
47,50,300000,MORTGAGE,9,HOMEIMPROVEMENT,E,18000,16.45,0,N,13,666,0.06,1,0
48,35,80690,RENT,8,PERSONAL,A,30000,7.49,1,N,10,754,0.371793283,1,0
49,50,66300,RENT,4,MEDICAL,B,30000,12.69,1,N,12,727,0.452488688,9,0
50,39,89028,RENT,0,DEBTCONSOLIDATION,A,30000,6.62,1,N,18,808,0.336972638,3,0
51,32,78000,RENT,4,DEBTCONSOLIDATION,D,30000,,1,Y,16,334,0.384615385,12,4
52,43,78000,RENT,7,DEBTCONSOLIDATION,F,30000,18.62,1,Y,16,505,0.384615385,10,4
53,40,92004,RENT,6,PERSONAL,C,30000,15.23,1,Y,20,380,0.326072779,5,1
54,45,97000,RENT,7,VENTURE,B,30000,10.65,1,N,13,687,0.309278351,9,0
55,23,120000,RENT,9,EDUCATION,A,30000,7.9,0,N,7,301,0.25,11,0
56,25,280000,RENT,4,PERSONAL,C,10000,15.96,0,Y,1,689,0.035714286,5,5
57,39,277104,RENT,0,VENTURE,B,20000,11.48,0,N,13,405,0.072175068,12,0
58,27,277000,OWN,3,PERSONAL,A,35000,,0,N,5,776,0.126353791,14,0
59,41,128000,RENT,9,PERSONAL,A,30000,7.29,0,N,20,701,0.234375,12,0
60,29,12000,OWN,2,VENTURE,E,1750,,0,Y,2,461,0.145833333,3,5
61,27,131000,RENT,0,VENTURE,A,30000,5.99,0,N,2,501,0.229007634,9,0
62,38,275000,OWN,6,VENTURE,B,12000,11.58,0,N,10,569,0.043636364,12,0
63,24,263000,MORTGAGE,0,EDUCATION,B,10000,,1,N,5,570,0.038022814,7,0
64,45,221850,MORTGAGE,9,MEDICAL,D,25000,15.7,1,N,17,755,0.112688754,12,0
65,48,70000,RENT,6,EDUCATION,D,29100,15.99,1,N,14,761,0.415714286,12,0
66,34,12000,MORTGAGE,7,EDUCATION,D,1500,14.84,0,Y,14,551,0.125,7,5
67,38,260000,OWN,10,HOMEIMPROVEMENT,B,28000,10.99,0,N,20,595,0.107692308,14,0
68,46,259000,MORTGAGE,9,HOMEIMPROVEMENT,D,20000,14.42,0,Y,13,637,0.077220077,8,1
69,29,255000,MORTGAGE,9,EDUCATION,A,9600,6.99,0,N,5,352,0.037647059,11,0
70,46,250000,RENT,2,MEDICAL,C,25000,13.49,0,N,12,516,0.1,5,0
71,41,12000,OWN,0,MEDICAL,C,3000,,1,N,18,487,0.25,2,0
72,22,56950,RENT,6,MEDICAL,A,28000,,1,N,4,679,0.49165935,11,0
73,40,12000,OWN,6,EDUCATION,C,3000,13.61,1,Y,12,792,0.25,9,3
74,48,65000,RENT,2,EDUCATION,A,28000,7.9,1,N,20,340,0.430769231,3,0
75,35,85000,RENT,2,VENTURE,A,28000,7.49,1,N,10,456,0.329411765,11,0
76,48,12000,OWN,2,EDUCATION,A,6100,7.51,1,N,19,314,0.508333333,14,0
77,27,88000,RENT,6,VENTURE,B,28000,9.91,1,N,3,364,0.318181818,2,0
78,32,12000,OWN,0,PERSONAL,C,4200,13.48,1,Y,15,820,0.35,10,3
79,49,12000,OWN,6,DEBTCONSOLIDATION,A,4750,7.14,1,N,11,643,0.395833333,10,0
80,28,83004,RENT,0,VENTURE,D,28000,15.99,1,Y,4,428,0.337333141,5,3
81,35,250000,RENT,2,EDUCATION,C,18000,12.98,0,Y,12,771,0.072,8,2
82,23,250000,RENT,4,VENTURE,C,4800,13.57,0,N,7,362,0.0192,3,0
83,34,100000,RENT,5,DEBTCONSOLIDATION,B,28000,12.69,0,N,10,438,0.28,6,0
84,37,110000,RENT,10,EDUCATION,A,28000,8.9,,N,18,798,,9,0
85,24,12000,OWN,0,DEBTCONSOLIDATION,A,2700,,1,N,7,691,0.225,2,0
86,38,108000,RENT,6,EDUCATION,B,28000,,1,N,11,718,0.259259259,8,0
87,28,151200,RENT,7,DEBTCONSOLIDATION,B,28000,11.11,0,N,6,588,0.185185185,10,0
88,24,69000,RENT,2,HOMEIMPROVEMENT,A,27600,,1,N,3,678,0.4,7,0
89,22,12000,MORTGAGE,5,DEBTCONSOLIDATION,E,3250,15.68,1,Y,7,789,0.270833333,3,5
90,50,70000,RENT,4,EDUCATION,C,27500,13.06,1,Y,20,530,0.392857143,1,4
91,26,240000,OWN,6,PERSONAL,B,25000,,0,N,7,340,0.104166667,6,0
92,42,73200,RENT,5,VENTURE,D,27050,15.62,1,Y,18,327,0.369535519,2,3
93,30,83000,RENT,5,PERSONAL,C,27000,13.49,1,Y,0,434,0.325301205,3,1
94,24,73399,RENT,0,VENTURE,D,27000,,1,N,4,500,0.367852423,12,0
95,42,62500,RENT,7,MEDICAL,B,26000,11.71,1,N,14,332,0.416,14,0
96,49,120000,RENT,1,EDUCATION,B,25600,12.69,0,N,17,347,0.213333333,5,0
97,38,12360,OWN,2,MEDICAL,,1600,,0,N,20,,0.129449838,14,0
98,46,60000,RENT,0,VENTURE,B,25475,10.99,1,N,11,706,0.424583333,11,0
99,32,234000,MORTGAGE,3,MEDICAL,C,20000,14.27,0,Y,13,398,0.085470085,8,1
100,22,234000,OWN,8,HOMEIMPROVEMENT,B,20000,8.88,0,N,6,846,0.085470085,2,0
101,30,234000,MORTGAGE,10,HOMEIMPROVEMENT,B,21600,12.18,0,N,2,761,0.092307692,6,0
102,50,221004,MORTGAGE,6,DEBTCONSOLIDATION,D,11900,14.42,1,Y,14,304,0.053845179,1,1
103,24,232500,MORTGAGE,0,MEDICAL,C,25000,14.17,0,Y,7,517,0.107526882,7,3
104,34,230000,MORTGAGE,5,MEDICAL,C,35000,13.99,0,N,19,802,0.152173913,4,0
105,36,83000,RENT,7,EDUCATION,B,25300,10.99,1,N,12,697,0.304819277,1,0
106,35,12600,MORTGAGE,,PERSONAL,A,2000,5.42,1,N,13,692,0.158730159,9,0
107,28,12600,OWN,3,PERSONAL,C,1750,13.61,0,N,5,506,0.138888889,9,0
108,34,42500,RENT,3,EDUCATION,C,25000,12.73,1,Y,18,314,0.588235294,11,1
109,43,41000,RENT,2,HOMEIMPROVEMENT,D,25000,,1,N,16,760,0.609756098,3,0
110,48,12816,OWN,0,DEBTCONSOLIDATION,C,3000,12.87,1,Y,10,540,0.234082397,6,4
111,45,12960,MORTGAGE,1,HOMEIMPROVEMENT,B,3650,9.91,1,N,13,395,0.281635802,7,0
112,50,226000,MORTGAGE,4,HOMEIMPROVEMENT,B,20000,11.49,0,N,13,784,0.088495575,13,0
113,28,225000,MORTGAGE,0,HOMEIMPROVEMENT,E,30000,19.91,0,Y,0,706,0.133333333,4,1
114,41,213000,MORTGAGE,6,EDUCATION,B,35000,10.65,1,N,15,530,0.164319249,6,0
115,36,225000,RENT,0,MEDICAL,B,6000,,0,N,18,470,0.026666667,9,0
116,33,12960,MORTGAGE,0,DEBTCONSOLIDATION,B,4500,11.83,1,N,15,840,0.347222222,14,0
117,38,12996,OWN,0,DEBTCONSOLIDATION,C,2400,13.49,1,Y,15,335,0.184672207,10,3
118,35,42000,RENT,6,MEDICAL,D,25000,14.59,1,Y,14,824,0.595238095,6,2
119,41,48000,RENT,2,EDUCATION,B,25000,9.64,1,N,14,459,0.520833333,7,0
120,44,12996,OWN,1,MEDICAL,D,3600,14.59,1,N,11,542,0.27700831,6,0
121,46,12996,OWN,1,EDUCATION,B,4750,,1,N,17,385,0.365497076,7,0
122,45,42360,RENT,1,EDUCATION,E,25000,16.35,1,Y,17,327,0.590179415,1,4
123,48,49000,RENT,4,EDUCATION,B,25000,10.99,1,N,20,639,0.510204082,6,0
124,48,225000,MORTGAGE,0,VENTURE,F,25000,18.67,0,N,10,630,0.111111111,12,0
125,48,225000,RENT,1,EDUCATION,A,3000,9.32,0,N,17,805,0.013333333,9,0
126,33,225000,RENT,8,DEBTCONSOLIDATION,A,7500,8.63,0,N,14,647,0.033333333,11,0
127,29,225000,MORTGAGE,2,VENTURE,B,25000,10.08,0,N,1,772,0.111111111,3,0
128,49,49464,RENT,5,PERSONAL,B,25000,11.83,1,N,11,530,0.505418082,14,0
129,35,50000,RENT,1,DEBTCONSOLIDATION,A,25000,7.9,1,N,15,489,0.5,6,0
130,33,50000,RENT,4,HOMEIMPROVEMENT,A,25000,5.99,1,N,20,524,0.5,4,0
131,21,44000,RENT,2,DEBTCONSOLIDATION,D,25000,15.33,1,N,4,684,0.568181818,7,0
132,45,50000,RENT,1,VENTURE,B,25000,11.83,1,N,18,676,0.5,7,0
133,27,50004,RENT,0,VENTURE,B,25000,10.36,1,N,0,582,0.499960003,13,0
134,29,50004,RENT,3,VENTURE,C,25000,12.23,1,N,3,558,0.499960003,9,0
135,44,52000,RENT,2,EDUCATION,B,25000,11.11,1,N,15,658,0.480769231,4,0
136,21,13200,OWN,3,DEBTCONSOLIDATION,A,4950,7.9,1,N,0,755,0.375,14,0
137,32,220000,MORTGAGE,1,EDUCATION,B,25000,11.58,0,N,17,710,0.113636364,8,0
138,28,216000,MORTGAGE,5,DEBTCONSOLIDATION,A,21000,8.9,0,N,2,617,0.097222222,8,0
139,44,216000,MORTGAGE,2,EDUCATION,D,25000,16.07,0,N,15,524,0.115740741,8,0
140,31,216000,MORTGAGE,10,EDUCATION,C,20000,14.22,0,Y,12,533,0.092592593,14,1
141,39,215000,MORTGAGE,7,MEDICAL,C,35000,14.79,0,Y,17,673,0.162790698,8,4
142,37,215000,MORTGAGE,11,EDUCATION,A,12000,7.88,0,N,18,771,0.055813953,6,0
143,28,52000,RENT,1,PERSONAL,C,25000,13.22,1,N,0,532,0.480769231,8,0
144,23,46000,RENT,2,DEBTCONSOLIDATION,D,25000,11.86,1,N,3,412,0.543478261,6,0
145,23,53000,RENT,5,EDUCATION,C,25000,13.43,1,Y,0,796,0.471698113,10,4
146,21,47000,RENT,0,HOMEIMPROVEMENT,D,25000,15.28,1,Y,5,741,0.531914894,14,2
147,47,47000,RENT,1,VENTURE,E,25000,17.93,1,N,15,567,0.531914894,14,0
148,25,13200,MORTGAGE,2,EDUCATION,B,1400,9.25,0,N,5,809,0.106060606,2,0
149,30,13200,OWN,0,VENTURE,C,4500,12.98,1,N,3,685,0.340909091,13,0
150,27,210000,MORTGAGE,6,VENTURE,B,16000,10.62,0,N,3,686,0.076190476,3,0
151,46,210000,OWN,10,PERSONAL,B,22000,11.83,0,N,10,412,0.104761905,6,0
152,29,48000,RENT,5,VENTURE,F,25000,18.43,1,N,1,380,0.520833333,7,0
153,48,54996,RENT,6,EDUCATION,B,25000,,1,N,17,412,0.454578515,14,0
154,27,55000,RENT,4,HOMEIMPROVEMENT,D,25000,,1,Y,7,301,0.454545455,4,1
155,29,55000,RENT,4,EDUCATION,B,25000,11.36,1,N,1,519,0.454545455,1,0
156,28,55000,RENT,4,EDUCATION,D,25000,15.65,1,Y,3,524,0.454545455,4,3
157,32,55164,RENT,8,PERSONAL,C,25000,13.22,1,Y,10,684,0.453194112,6,2
158,22,56000,RENT,4,DEBTCONSOLIDATION,C,25000,12.87,1,N,1,702,0.446428571,8,0
159,21,203500,OWN,8,MEDICAL,C,20000,13.04,0,N,0,429,0.098280098,13,0
160,36,190000,MORTGAGE,5,EDUCATION,F,22000,17.58,1,Y,10,352,0.115789474,12,1
161,43,13920,OWN,2,PERSONAL,E,7750,17.04,1,N,18,715,0.556752874,13,0
162,43,60000,RENT,0,PERSONAL,B,25000,10.99,1,N,10,546,0.416666667,13,0
163,50,60000,RENT,2,PERSONAL,B,25000,11.11,1,N,13,738,0.416666667,14,0
164,44,54000,RENT,7,DEBTCONSOLIDATION,D,25000,14.83,1,Y,19,502,0.462962963,13,3
165,25,14000,OWN,2,DEBTCONSOLIDATION,D,4000,,1,N,5,483,0.285714286,4,0
166,23,200000,RENT,8,MEDICAL,B,12000,12.69,0,N,6,422,0.06,10,0
167,32,200000,MORTGAGE,8,HOMEIMPROVEMENT,C,12000,13.49,0,N,11,700,0.06,1,0
168,28,200000,MORTGAGE,5,EDUCATION,C,16000,14.65,0,N,5,593,0.08,5,0
169,42,54000,RENT,3,HOMEIMPROVEMENT,E,25000,16.82,1,N,16,579,0.462962963,7,0
170,47,60000,RENT,3,PERSONAL,C,25000,12.73,1,N,19,497,0.416666667,6,0
171,23,60000,RENT,7,PERSONAL,B,25000,10.25,1,N,5,810,0.416666667,3,0
172,21,60000,RENT,6,EDUCATION,B,25000,10.99,1,N,1,443,0.416666667,13,0
173,23,61959,RENT,9,MEDICAL,C,25000,12.73,1,N,1,500,0.403492632,7,0
174,25,56400,RENT,2,HOMEIMPROVEMENT,D,25000,14.96,1,Y,6,423,0.443262411,4,4
175,35,200000,MORTGAGE,7,EDUCATION,A,28000,,0,N,11,486,0.14,5,0
176,34,200000,MORTGAGE,2,DEBTCONSOLIDATION,C,25000,13.99,0,N,19,625,0.125,11,0
177,23,200000,MORTGAGE,3,VENTURE,A,24000,7.49,0,N,6,763,0.12,7,0
178,21,200000,MORTGAGE,4,EDUCATION,C,15000,14.79,0,N,3,648,0.075,2,0
179,25,200000,MORTGAGE,2,DEBTCONSOLIDATION,B,15500,11.99,0,N,0,702,0.0775,4,0
180,46,200000,RENT,8,EDUCATION,A,10000,8.49,0,N,17,645,0.05,4,0
181,43,66000,RENT,3,EDUCATION,B,25000,9.91,1,N,20,810,0.378787879,6,0
182,34,66000,RENT,6,EDUCATION,C,25000,13.06,1,Y,12,446,0.378787879,12,2
183,27,200000,MORTGAGE,6,DEBTCONSOLIDATION,A,9000,6.17,0,N,2,447,0.045,11,0
184,47,200000,MORTGAGE,4,EDUCATION,B,6000,11.86,0,N,15,788,0.03,7,0
185,29,200000,RENT,5,EDUCATION,D,18000,16.32,0,N,0,850,0.09,4,0
186,35,200000,MORTGAGE,2,VENTURE,B,12000,10.38,0,N,15,637,0.06,10,0
187,35,200000,MORTGAGE,9,PERSONAL,C,23050,14.35,0,N,18,772,0.11525,1,0
188,46,200000,MORTGAGE,8,DEBTCONSOLIDATION,B,20000,,0,N,16,450,0.1,1,0
189,30,60000,RENT,2,DEBTCONSOLIDATION,E,25000,,1,Y,6,714,0.416666667,5,1
190,48,14400,OWN,0,HOMEIMPROVEMENT,B,3000,,1,N,18,597,0.208333333,1,0
191,33,66996,RENT,10,PERSONAL,D,25000,15.21,1,Y,11,562,0.373156606,3,1
192,39,67000,RENT,3,EDUCATION,A,25000,7.9,1,N,17,443,0.373134328,9,0
193,27,67000,RENT,2,VENTURE,B,25000,10.99,1,N,7,645,0.373134328,3,0
194,37,68000,RENT,5,PERSONAL,D,25000,14.09,1,Y,11,301,0.367647059,3,1
195,40,69000,RENT,9,PERSONAL,D,25000,17.49,1,N,13,603,0.362318841,13,0
196,49,200000,MORTGAGE,0,EDUCATION,B,12000,11.48,0,N,20,553,0.06,9,0
1000,24,188000,,10,VENTURE,E,20000,,1,N,6,752,0.106382979,5,0
198,50,200000,MORTGAGE,4,PERSONAL,C,3000,13.92,0,N,16,336,0.015,12,0
199,25,69996,RENT,9,EDUCATION,D,25000,15.21,1,N,2,459,0.357163266,8,0
200,43,14400,OWN,2,MEDICAL,B,4000,10.99,1,N,13,308,0.277777778,10,0
201,27,70000,RENT,3,EDUCATION,B,25000,11.86,1,N,7,532,0.357142857,9,0
202,33,14400,OWN,5,PERSONAL,A,6000,7.49,1,N,13,398,0.416666667,12,0
203,35,56100,RENT,7,MEDICAL,D,25000,16.49,1,N,15,507,0.445632799,6,0
204,31,66000,RENT,9,VENTURE,D,25000,15.33,1,Y,19,430,0.378787879,7,3
205,49,66000,RENT,3,HOMEIMPROVEMENT,B,25000,11.58,1,N,15,703,0.378787879,7,0
206,24,14400,OWN,7,EDUCATION,A,5375,5.79,1,N,1,451,0.373263889,7,0
207,33,72612,RENT,9,MEDICAL,C,25000,13.11,1,N,12,353,0.344295709,4,0
208,27,74000,RENT,3,MEDICAL,B,25000,10.36,1,N,6,419,0.337837838,13,0
209,47,75000,RENT,9,DEBTCONSOLIDATION,B,25000,10.36,1,N,18,719,0.333333333,13,0
210,39,192000,RENT,0,MEDICAL,C,22000,,0,Y,19,721,0.114583333,2,5
211,42,,MORTGAGE,,VENTURE,A,20000,,0,N,20,403,0.104166667,2,0
212,48,191000,MORTGAGE,1,MEDICAL,B,10000,12.53,0,N,11,553,0.052356021,7,0
213,22,190300,MORTGAGE,5,PERSONAL,A,15000,,0,N,5,526,0.078822911,10,0
214,30,190000,MORTGAGE,3,VENTURE,C,10000,,0,N,3,411,0.052631579,7,0
215,33,75000,RENT,4,EDUCATION,B,25000,10.25,1,N,16,809,0.333333333,10,0
216,50,71000,RENT,1,EDUCATION,D,25000,15.95,1,Y,18,772,0.352112676,7,1
217,45,190000,MORTGAGE,,VENTURE,,20000,12.18,0,N,12,,0.105263158,13,0
1001,41,189996,OWN,0,PERSONAL,B,,11.83,0,N,19,452,0.126318449,8,0
219,26,78000,RENT,7,DEBTCONSOLIDATION,C,25000,,1,Y,2,637,0.320512821,3,5
220,48,78000,RENT,1,VENTURE,B,25000,10.62,1,N,16,462,0.320512821,13,0
221,48,78504,RENT,7,VENTURE,B,25000,10.74,1,N,13,460,0.318455111,11,0
222,32,186000,OWN,9,VENTURE,B,10000,10.25,0,N,17,697,0.053763441,5,0
223,32,185000,MORTGAGE,,EDUCATION,,35000,12.42,0,N,16,576,0.189189189,6,0
224,40,185000,RENT,6,VENTURE,C,15000,15.27,0,N,14,803,0.081081081,13,0
225,50,62050,RENT,8,MEDICAL,D,25000,15.33,1,Y,16,691,0.402900886,8,2
226,50,79416,RENT,7,VENTURE,D,25000,15.21,1,Y,12,434,0.314798026,8,3
227,31,14400,OWN,4,VENTURE,C,6250,14.72,1,N,11,494,0.434027778,10,0
228,46,79631,RENT,8,PERSONAL,D,25000,15.7,1,Y,15,700,0.313948086,3,5
229,43,79632,RENT,0,EDUCATION,C,25000,13.35,1,N,11,332,0.313944143,12,0
230,48,14400,MORTGAGE,0,MEDICAL,C,1500,,0,N,12,759,0.104166667,14,0
231,45,80000,RENT,6,EDUCATION,A,25000,6.62,1,N,15,769,0.3125,4,0
232,27,80000,RENT,5,DEBTCONSOLIDATION,C,25000,13.61,1,N,4,674,0.3125,6,0
233,50,185000,RENT,4,MEDICAL,B,25000,11.36,0,N,17,321,0.135135135,4,0
234,21,185000,OWN,10,PERSONAL,A,5000,7.68,0,N,0,337,0.027027027,10,0
235,21,184992,RENT,7,HOMEIMPROVEMENT,D,22000,14.46,0,Y,2,529,0.118924062,4,5
236,45,184000,OWN,5,EDUCATION,B,2500,11.83,0,N,12,664,0.013586957,5,0
237,47,172000,MORTGAGE,6,DEBTCONSOLIDATION,C,20000,13.47,1,Y,19,737,0.11627907,10,4
238,50,183000,MORTGAGE,2,MEDICAL,B,20000,11.49,0,N,12,582,0.109289617,7,0
239,45,183000,MORTGAGE,3,EDUCATION,A,1000,,0,N,12,326,0.005464481,12,0
240,40,182952,MORTGAGE,9,PERSONAL,A,15000,6.03,0,N,15,525,0.081988718,2,0
241,33,74004,RENT,7,DEBTCONSOLIDATION,E,25000,16.35,1,N,10,576,0.337819577,13,0
242,29,74004,RENT,10,DEBTCONSOLIDATION,D,25000,,1,Y,6,583,0.337819577,2,3
243,23,81000,RENT,5,DEBTCONSOLIDATION,A,25000,7.29,1,N,3,780,0.308641975,12,0
1002,27,81600,RENT,1,MEDICAL,B,,11.36,1,N,0,752,0.306372549,,0
245,26,82000,RENT,8,VENTURE,B,25000,10.25,0,N,5,815,0.304878049,14,0
246,28,83000,RENT,5,EDUCATION,B,25000,11.12,0,N,4,846,0.301204819,9,0
247,47,83000,RENT,5,PERSONAL,D,25000,12.92,0,Y,19,491,0.301204819,4,1
248,29,180000,RENT,8,EDUCATION,E,18000,18.64,0,Y,4,348,0.1,5,4
249,50,180000,MORTGAGE,8,PERSONAL,A,28000,7.51,0,N,17,811,0.155555556,3,0
250,25,14400,OWN,2,HOMEIMPROVEMENT,E,4000,16.7,1,N,3,316,0.277777778,2,0
251,21,14400,OWN,0,PERSONAL,,,11.14,0,N,4,471,0.145833333,14,0
252,39,84500,RENT,6,PERSONAL,F,25000,18.3,0,N,13,519,0.295857988,10,0
253,30,85000,RENT,5,MEDICAL,B,25000,10.62,0,N,3,457,0.294117647,8,0
254,32,180000,MORTGAGE,7,VENTURE,B,14000,11.99,0,N,13,776,0.077777778,4,0
255,44,180000,MORTGAGE,2,VENTURE,B,12000,9.63,0,N,17,345,0.066666667,14,0
256,35,142800,MORTGAGE,9,MEDICAL,F,10000,18.25,1,N,11,672,0.070028011,12,0
257,47,14664,MORTGAGE,0,DEBTCONSOLIDATION,C,6000,,1,N,10,817,0.409165303,1,0
258,42,87000,RENT,8,HOMEIMPROVEMENT,D,25000,14.84,0,N,12,398,0.287356322,13,0
259,44,75000,RENT,0,VENTURE,E,25000,14.7,1,Y,18,336,0.333333333,6,3
260,29,76000,RENT,7,DEBTCONSOLIDATION,D,25000,16.02,1,N,3,579,0.328947368,6,0
261,40,66215,RENT,1,MEDICAL,D,25000,15.37,1,Y,19,648,0.377557955,2,1
262,37,90000,RENT,9,MEDICAL,B,25000,10.99,0,N,14,796,0.277777778,2,0
263,50,15000,OWN,0,HOMEIMPROVEMENT,A,6200,7.9,1,N,11,601,0.413333333,8,0
264,37,180000,OWN,2,PERSONAL,B,25000,10.99,0,N,13,480,0.138888889,11,0
265,46,180000,OWN,8,EDUCATION,B,21000,11.48,0,N,11,398,0.116666667,7,0
266,40,180000,OWN,9,MEDICAL,C,20000,14.26,0,Y,11,415,0.111111111,14,2
267,32,180000,OWN,,HOMEIMPROVEMENT,A,10000,8,0,N,13,,0.055555556,2,0
268,50,180000,MORTGAGE,3,VENTURE,B,9950,11.26,0,N,15,552,0.055277778,10,0
269,27,15000,OWN,7,MEDICAL,B,4475,,1,N,6,460,0.298333333,1,0
270,22,78000,RENT,2,VENTURE,D,25000,16.32,1,Y,1,555,0.320512821,11,3
271,23,66300,RENT,3,MEDICAL,E,25000,17.93,1,Y,2,622,0.377073906,8,5
272,37,90000,RENT,0,DEBTCONSOLIDATION,B,25000,11.36,0,N,12,427,0.277777778,10,0
273,25,79000,RENT,9,DEBTCONSOLIDATION,D,25000,14.96,1,Y,1,317,0.316455696,2,5
1003,37,91800,RENT,4,PERSONAL,C,25000,13.43,0,Y,15,622,,5,3
275,44,92000,RENT,6,HOMEIMPROVEMENT,B,25000,12.69,0,N,12,587,0.27173913,6,0
276,37,92000,RENT,1,VENTURE,C,25000,12.73,0,Y,11,454,0.27173913,10,1
277,47,93600,RENT,3,VENTURE,D,25000,15.21,0,N,17,789,0.267094017,1,0
278,37,15000,MORTGAGE,1,MEDICAL,C,1750,12.68,0,Y,14,685,0.116666667,2,4
279,22,70550,RENT,3,,F,25000,,1,Y,6,403,0.354358611,14,1
280,22,83800,RENT,2,DEBTCONSOLIDATION,D,25000,,1,,0,,0.298329356,10,0
281,48,175000,MORTGAGE,3,VENTURE,A,2600,8.9,0,N,12,545,0.014857143,4,0
282,42,175000,MORTGAGE,10,HOMEIMPROVEMENT,A,8000,7.9,0,N,19,475,0.045714286,2,0
283,43,175000,MORTGAGE,6,EDUCATION,B,18000,,0,N,17,338,0.102857143,11,0
284,25,175000,MORTGAGE,8,PERSONAL,B,21000,11.99,0,N,3,776,0.12,6,0
285,21,15000,OWN,4,DEBTCONSOLIDATION,C,4000,13.98,1,N,7,837,0.266666667,14,0
286,21,15000,OWN,4,VENTURE,B,4600,10.99,1,N,5,707,0.306666667,4,0
287,39,88000,RENT,6,DEBTCONSOLIDATION,D,25000,15.58,1,Y,16,824,0.284090909,11,3
288,50,74800,RENT,2,MEDICAL,B,25000,10.99,1,N,19,805,0.334224599,3,0
289,22,88000,RENT,0,VENTURE,D,25000,14.96,1,N,3,335,0.284090909,6,0
290,41,15000,OWN,2,HOMEIMPROVEMENT,D,1750,15.31,0,Y,11,319,0.116666667,9,2
291,32,88000,RENT,2,VENTURE,D,25000,15.65,1,N,16,620,0.284090909,8,0
292,46,100000,RENT,1,VENTURE,B,25000,9.33,0,N,14,811,0.25,2,0
293,26,15000,MORTGAGE,0,PERSONAL,C,3600,13.47,1,N,4,699,0.24,3,0
294,43,102400,RENT,8,PERSONAL,B,25000,10.36,0,N,15,770,0.244140625,2,0
295,24,92000,RENT,1,HOMEIMPROVEMENT,E,25000,16.77,1,Y,4,442,0.27173913,10,3
296,43,93000,RENT,0,DEBTCONSOLIDATION,D,25000,14.59,1,Y,18,391,0.268817204,7,3
297,31,175000,RENT,6,VENTURE,C,3500,11.91,0,Y,15,653,0.02,9,5
298,44,175000,MORTGAGE,3,EDUCATION,A,7200,8.38,0,N,17,350,0.041142857,1,0
299,47,174708,RENT,9,VENTURE,B,9000,10.59,0,N,16,489,0.051514527,11,0
300,37,174000,MORTGAGE,2,DEBTCONSOLIDATION,C,8800,14.27,0,N,18,424,0.050574713,3,0
301,26,174000,RENT,8,DEBTCONSOLIDATION,B,12000,12.53,0,N,3,449,0.068965517,6,0
302,44,162000,MORTGAGE,5,DEBTCONSOLIDATION,E,25000,16,1,Y,11,613,0.154320988,4,1
303,25,173467,MORTGAGE,10,VENTURE,B,10000,11.71,0,N,6,641,0.057647852,10,0
304,40,15000,OWN,0,HOMEIMPROVEMENT,C,3175,11.54,1,Y,15,604,0.211666667,14,2
305,22,96000,RENT,2,HOMEIMPROVEMENT,E,25000,15.68,1,Y,0,353,0.260416667,10,2
306,26,15120,MORTGAGE,0,EDUCATION,B,1500,10.59,0,N,2,743,0.099206349,1,0
307,42,97908,RENT,8,HOMEIMPROVEMENT,D,25000,12.61,1,Y,18,563,0.255341749,9,1
308,31,110000,RENT,3,PERSONAL,C,25000,,0,Y,18,352,0.227272727,7,5
309,36,15204,MORTGAGE,7,PERSONAL,A,2800,8.49,1,N,11,304,0.184162063,14,0
310,36,159600,RENT,0,PERSONAL,D,30000,17.27,1,Y,12,402,0.187969925,11,3
311,21,171500,RENT,6,DEBTCONSOLIDATION,A,18000,8.9,0,N,4,495,0.104956268,12,0
312,29,170004,MORTGAGE,3,MEDICAL,B,10000,11.11,0,N,4,649,0.058822145,7,0
313,48,158004,RENT,0,HOMEIMPROVEMENT,D,25000,14.59,1,Y,10,346,0.158223842,12,4
314,47,170000,RENT,0,VENTURE,B,13000,12.42,0,N,17,568,0.076470588,1,0
315,26,83300,RENT,0,MEDICAL,D,25000,,1,N,3,669,0.300120048,9,0
316,36,110000,RENT,7,HOMEIMPROVEMENT,D,25000,15.7,0,Y,17,405,0.227272727,12,2
317,49,15360,OWN,7,HOMEIMPROVEMENT,B,2500,12.53,1,N,13,419,0.162760417,12,0
318,23,134300,RENT,3,MEDICAL,D,5000,16.49,1,N,4,357,0.037230082,8,0
319,40,170000,MORTGAGE,2,EDUCATION,A,20000,7.49,0,N,16,645,0.117647059,11,0
320,48,100580,RENT,6,DEBTCONSOLIDATION,D,25000,14.96,1,Y,20,773,0.248558362,12,1
321,47,113000,RENT,7,MEDICAL,C,25000,12.73,0,Y,19,416,0.221238938,10,5
322,24,120000,RENT,8,EDUCATION,B,25000,10.65,0,N,2,426,0.208333333,12,0
323,39,120000,RENT,6,MEDICAL,B,25000,10.74,0,N,15,692,0.208333333,5,0
324,46,120000,RENT,7,EDUCATION,B,25000,9.99,0,N,19,357,0.208333333,4,0
325,23,91800,RENT,5,MEDICAL,D,25000,15.33,1,Y,4,812,0.272331155,1,1
326,39,15600,OWN,5,VENTURE,A,1000,7.29,0,N,19,395,0.064102564,9,0
327,40,108000,RENT,2,PERSONAL,D,25000,15.05,1,N,18,417,0.231481481,8,0
328,27,129996,RENT,6,PERSONAL,B,25000,10.75,0,N,0,787,0.19231361,13,0
329,40,130000,RENT,4,EDUCATION,D,25000,16.02,0,Y,14,536,0.192307692,2,4
330,29,130000,RENT,7,VENTURE,B,25000,11.49,0,N,3,571,0.192307692,4,0
331,21,170000,,4,EDUCATION,,20000,12.53,0,N,7,488,0.117647059,4,0
332,28,170000,MORTGAGE,0,VENTURE,C,12000,13.57,0,Y,2,746,0.070588235,13,4
333,27,169000,RENT,1,PERSONAL,B,14000,11.14,0,N,3,546,0.082840237,7,0
334,38,168750,RENT,10,MEDICAL,C,24250,12.87,0,Y,10,375,0.143703704,3,5
335,28,168600,RENT,3,EDUCATION,B,20000,11.58,0,N,0,453,0.118623962,8,0
336,21,168288,RENT,5,HOMEIMPROVEMENT,B,1800,11.12,0,N,7,734,0.01069595,11,0
337,31,168000,MORTGAGE,2,PERSONAL,B,35000,10.65,0,N,15,385,0.208333333,7,0
338,48,133300,RENT,6,DEBTCONSOLIDATION,B,25000,10.37,0,N,13,584,0.187546887,10,0
339,45,15600,OWN,5,HOMEIMPROVEMENT,A,3300,6.39,1,N,18,519,0.211538462,12,0
340,45,134000,RENT,8,PERSONAL,D,25000,16.07,0,Y,20,368,0.186567164,12,2
341,38,134000,RENT,7,MEDICAL,B,25000,10.62,0,N,14,346,0.186567164,4,0
342,43,15600,OWN,0,VENTURE,F,3200,18.09,1,N,14,393,0.205128205,9,0
343,50,135000,RENT,5,EDUCATION,B,25000,11.36,0,N,14,752,0.185185185,6,0
344,30,135660,RENT,10,DEBTCONSOLIDATION,B,25000,12.53,0,N,0,503,0.18428424,3,0
345,23,145000,RENT,0,EDUCATION,B,25000,9.99,0,N,0,517,0.172413793,7,0
346,27,150000,RENT,4,EDUCATION,B,25000,,0,N,7,773,0.166666667,6,0
347,48,165000,MORTGAGE,3,EDUCATION,A,9600,5.99,0,N,17,731,0.058181818,8,0
348,36,153000,MORTGAGE,5,DEBTCONSOLIDATION,D,24000,15.62,1,Y,15,640,0.156862745,5,5
349,46,165000,MORTGAGE,5,PERSONAL,B,20000,10.37,0,N,20,850,0.121212121,6,0
350,36,165000,MORTGAGE,0,HOMEIMPROVEMENT,F,25000,19.74,0,N,13,588,0.151515152,1,0
351,45,165000,MORTGAGE,5,EDUCATION,A,20000,6.91,0,N,11,553,0.121212121,8,0
352,40,16000,OWN,7,MEDICAL,A,6000,7.9,1,N,11,656,0.375,1,0
353,48,16000,MORTGAGE,3,DEBTCONSOLIDATION,C,2275,13.06,0,Y,18,322,0.1421875,3,2
354,37,16000,OWN,7,PERSONAL,A,2000,6.39,0,N,14,821,0.125,12,0
355,22,148000,RENT,1,DEBTCONSOLIDATION,E,25000,14.93,1,N,3,399,0.168918919,2,0
356,21,16000,MORTGAGE,1,MEDICAL,C,5600,12.84,1,N,1,479,0.35,6,0
357,36,16020,OWN,3,VENTURE,E,3625,17.14,1,Y,10,522,0.22627965,8,2
358,50,16094,MORTGAGE,2,VENTURE,A,5500,7.14,1,N,16,741,0.341742264,8,0
359,32,175000,RENT,2,PERSONAL,A,25000,8.9,0,N,12,624,0.142857143,7,0
360,25,16200,OWN,6,PERSONAL,B,2000,12.42,0,N,5,815,0.12345679,,0
361,25,185000,RENT,7,HOMEIMPROVEMENT,C,25000,12.68,0,Y,4,315,0.135135135,8,1
362,47,162000,RENT,9,PERSONAL,C,25000,11.03,0,N,14,635,0.154320988,5,0
363,43,161000,RENT,10,VENTURE,A,30000,7.9,0,N,20,557,0.186335404,3,0
364,29,160000,MORTGAGE,0,MEDICAL,B,35000,10.65,0,N,4,796,0.21875,2,0
365,29,225000,RENT,5,VENTURE,B,25000,11.86,0,N,0,459,0.111111111,3,0
366,23,16400,OWN,1,PERSONAL,A,5000,8.94,1,N,0,774,0.304878049,11,0
367,39,16500,OWN,6,VENTURE,B,4375,9.63,1,N,12,679,0.265151515,11,0
368,36,49500,RENT,6,PERSONAL,C,24750,14.22,1,N,19,844,0.5,3,0
369,36,60000,RENT,4,DEBTCONSOLIDATION,B,24750,9.33,1,N,13,726,0.4125,12,0
370,23,84200,,8,MEDICAL,C,,13.85,0,N,4,567,,7,0
371,40,16800,MORTGAGE,5,EDUCATION,B,2000,10.65,0,N,11,716,0.119047619,1,0
372,44,92000,RENT,8,MEDICAL,B,24500,11.46,0,N,17,467,0.266304348,7,0
373,42,160000,MORTGAGE,5,PERSONAL,A,35000,7.66,0,N,20,342,0.21875,6,0
374,44,160000,MORTGAGE,9,VENTURE,E,12000,16.77,0,N,20,584,0.075,11,0
375,21,160000,MORTGAGE,1,PERSONAL,B,12000,9.63,0,N,5,696,0.075,10,0
376,44,160000,RENT,6,PERSONAL,C,25000,12.23,0,Y,11,311,0.15625,14,4
377,40,125800,MORTGAGE,0,MEDICAL,D,10000,14.09,1,N,18,601,0.079491256,2,0
378,31,54000,RENT,2,PERSONAL,C,24250,13.98,1,N,11,552,0.449074074,10,0
379,37,62500,RENT,1,EDUCATION,B,24250,10.62,1,N,18,798,0.388,1,0
380,28,16800,MORTGAGE,,DEBTCONSOLIDATION,A,3900,,1,N,6,334,0.232142857,9,0
381,24,68400,RENT,9,PERSONAL,E,24250,17.56,1,N,6,389,0.354532164,2,0
382,26,56045,RENT,1,MEDICAL,D,24250,14.96,1,N,7,717,0.432688019,4,0
383,28,74000,RENT,7,DEBTCONSOLIDATION,D,24250,15.65,1,Y,6,414,0.327702703,9,1
384,40,65453,RENT,9,MEDICAL,D,24250,15.7,1,N,20,495,0.370494859,9,0
385,50,89908,RENT,1,VENTURE,B,24250,12.53,0,N,11,800,0.269720158,12,0
386,23,78000,RENT,0,HOMEIMPROVEMENT,E,24250,17.56,1,Y,6,792,0.310897436,11,3
387,36,100000,RENT,0,PERSONAL,C,24250,12.87,0,Y,15,374,0.2425,1,1
388,50,103000,RENT,6,PERSONAL,D,24250,15.7,0,N,13,712,0.235436893,14,0
389,45,160000,MORTGAGE,2,EDUCATION,A,,,0,,16,675,,2,0
390,23,160000,OWN,5,VENTURE,B,15000,11.14,0,N,7,719,0.09375,2,0
391,45,160000,MORTGAGE,3,VENTURE,D,20000,16,0,N,13,576,0.125,12,0
392,49,160000,MORTGAGE,2,EDUCATION,D,25000,15.65,0,Y,11,693,0.15625,2,1
393,38,160000,MORTGAGE,0,DEBTCONSOLIDATION,C,13750,,0,N,19,756,0.0859375,8,0
394,34,160000,MORTGAGE,3,VENTURE,D,15250,15.31,0,Y,16,491,0.0953125,13,4
395,38,160000,MORTGAGE,3,VENTURE,C,20000,13.47,0,Y,17,398,0.125,8,3
396,22,16800,MORTGAGE,0,HOMEIMPROVEMENT,C,4750,13.85,1,Y,1,847,0.282738095,10,4
397,42,111996,RENT,9,PERSONAL,D,24250,,0,N,14,395,0.21652559,12,0
398,23,16800,MORTGAGE,0,VENTURE,B,6000,10.39,1,N,0,489,0.357142857,8,0
399,36,115200,RENT,0,HOMEIMPROVEMENT,B,24250,11.36,0,N,16,336,0.210503472,12,0
400,49,144000,RENT,0,EDUCATION,B,24250,11.83,0,N,17,668,0.168402778,4,0
401,29,287000,RENT,3,EDUCATION,B,24250,12.53,0,N,4,824,0.084494774,8,0
402,24,108000,RENT,1,HOMEIMPROVEMENT,D,24150,14.96,1,Y,7,578,0.223611111,14,5
403,21,43000,RENT,7,DEBTCONSOLIDATION,C,24000,13.85,1,Y,5,516,0.558139535,13,4
404,24,47004,RENT,1,VENTURE,B,24000,11.58,1,N,4,572,0.510594843,7,0
405,21,48000,RENT,4,VENTURE,D,24000,16.29,1,Y,6,361,0.5,8,2
406,34,48000,RENT,4,MEDICAL,A,24000,,1,N,15,641,0.5,1,0
407,41,44964,RENT,2,EDUCATION,D,24000,16.29,1,Y,11,696,0.533760342,3,4
408,36,52000,RENT,,PERSONAL,B,24000,10.74,1,N,10,318,0.461538462,10,0
409,40,,MORTGAGE,,,C,2250,15.27,0,Y,16,476,0.12966805,6,3
410,44,47000,RENT,3,PERSONAL,F,24000,17.8,1,N,16,695,0.510638298,1,0
411,28,17400,MORTGAGE,6,VENTURE,B,1000,11.36,0,N,1,744,0.057471264,4,0
412,27,49000,RENT,2,MEDICAL,E,24000,17.56,1,N,2,532,0.489795918,9,0
413,23,60000,RENT,0,PERSONAL,A,24000,7.9,1,N,1,375,0.4,7,0
414,37,60000,RENT,3,PERSONAL,B,24000,10.99,1,N,11,564,0.4,1,0
415,21,60000,RENT,0,PERSONAL,A,24000,7.29,1,N,1,754,0.4,13,0
416,36,60000,RENT,5,MEDICAL,B,24000,10.75,1,N,10,683,0.4,12,0
417,32,62004,RENT,9,DEBTCONSOLIDATION,A,24000,7.9,1,N,19,805,0.387071802,6,0
418,47,62400,RENT,3,EDUCATION,D,24000,14.84,1,N,17,666,0.384615385,6,0
419,39,65000,RENT,10,DEBTCONSOLIDATION,A,24000,,1,N,17,443,0.369230769,12,0
420,42,17760,MORTGAGE,6,EDUCATION,C,4975,,1,Y,10,368,0.280123874,2,1
421,43,59000,RENT,5,DEBTCONSOLIDATION,E,24000,19.69,1,Y,20,398,0.406779661,6,3
422,42,66000,RENT,6,VENTURE,A,24000,,1,N,17,695,0.363636364,14,0
423,34,60000,RENT,0,VENTURE,D,24000,14.96,1,N,18,324,0.4,10,0
424,50,66143,RENT,9,EDUCATION,A,24000,6.99,,N,13,768,0.362850188,2,0
425,26,62250,RENT,3,PERSONAL,E,24000,16.45,1,Y,0,783,0.385542169,8,4
426,26,70000,RENT,8,EDUCATION,B,24000,10.99,1,N,0,450,0.342857143,7,0
427,33,74000,RENT,7,DEBTCONSOLIDATION,B,24000,10.99,1,N,12,443,0.324324324,14,0
428,39,18000,OWN,3,PERSONAL,A,3000,7.9,1,N,14,338,0.166666667,6,0
429,42,75000,RENT,6,EDUCATION,B,24000,,1,N,14,408,,14,0
430,28,75000,RENT,9,MEDICAL,B,24000,10.37,1,N,0,341,0.32,10,0
431,47,,RENT,,HOMEIMPROVEMENT,C,24000,,,N,19,485,0.32,6,0
432,47,69000,RENT,0,DEBTCONSOLIDATION,F,24000,15.83,1,N,11,697,0.347826087,9,0
433,22,78000,RENT,4,PERSONAL,C,24000,13.92,1,N,1,522,0.307692308,9,0
434,41,18000,OWN,,VENTURE,B,2000,11.49,0,N,15,432,0.111111111,10,0
435,50,80000,RENT,2,MEDICAL,B,24000,10.25,0,N,18,462,0.3,10,0
436,21,18000,OWN,1,HOMEIMPROVEMENT,A,3500,7.49,1,N,0,514,0.194444444,2,0
437,48,18000,OWN,3,EDUCATION,A,4000,5.99,1,N,18,534,0.222222222,3,0
438,35,74700,RENT,6,PERSONAL,D,24000,12.92,1,N,18,308,0.321285141,10,0
439,21,88596,RENT,3,PERSONAL,B,24000,11.58,0,N,7,373,0.270892591,7,0
440,25,95000,RENT,4,EDUCATION,A,24000,8.9,0,N,4,791,0.252631579,11,0
441,48,83000,RENT,6,DEBTCONSOLIDATION,E,24000,19.69,1,N,18,552,0.289156627,10,0
442,49,95000,RENT,9,VENTURE,A,24000,6.54,0,N,14,529,0.252631579,12,0
443,36,18000,OWN,3,HOMEIMPROVEMENT,D,4900,14.54,1,Y,18,818,0.272222222,13,4
444,39,18000,OWN,,EDUCATION,B,5000,11.11,1,N,20,473,0.277777778,14,0
445,24,100000,RENT,5,PERSONAL,C,24000,12.73,0,N,3,467,0.24,14,0
446,23,110000,RENT,7,VENTURE,D,24000,15.62,0,N,1,469,0.218181818,9,0
447,37,18000,OWN,0,HOMEIMPROVEMENT,A,6250,6.54,1,N,15,692,0.347222222,12,0
448,37,98000,RENT,7,DEBTCONSOLIDATION,F,24000,,1,Y,13,493,0.244897959,13,1
449,32,103872,RENT,6,DEBTCONSOLIDATION,G,24000,20.03,1,N,15,816,0.231053604,14,0
450,48,120000,RENT,4,EDUCATION,B,24000,9.91,0,N,12,328,0.2,6,0
451,50,120000,RENT,1,VENTURE,B,24000,12.69,0,N,15,464,0.2,11,0
452,49,108000,RENT,9,EDUCATION,G,24000,20.16,1,N,11,721,0.222222222,1,0
453,34,124080,RENT,4,PERSONAL,D,24000,16.49,0,Y,11,638,0.193423598,11,4
454,41,18000,MORTGAGE,1,MEDICAL,D,2500,15.95,1,N,18,795,0.138888889,7,0
455,26,130000,RENT,7,DEBTCONSOLIDATION,B,24000,11.49,0,N,6,664,0.184615385,11,0
456,23,135000,RENT,8,PERSONAL,B,24000,10.99,0,N,2,641,0.177777778,1,0
457,48,135000,RENT,4,HOMEIMPROVEMENT,C,24000,13.79,0,N,20,799,0.177777778,5,0
458,29,114750,,,MEDICAL,G,24000,20.03,1,Y,0,810,0.209150327,9,5
459,25,150000,RENT,0,EDUCATION,A,24000,7.49,0,N,7,626,0.16,10,0
460,44,138000,RENT,7,DEBTCONSOLIDATION,D,24000,16,1,Y,15,516,0.173913043,11,5
461,49,18000,OWN,6,PERSONAL,A,13000,7.88,1,N,16,600,0.722222222,10,0
462,37,18000,OWN,0,VENTURE,B,6250,10.62,1,N,18,431,0.347222222,9,0
463,34,155000,RENT,7,DEBTCONSOLIDATION,B,24000,,0,,14,369,,1,0
464,41,148000,RENT,1,EDUCATION,F,24000,18.3,1,N,10,551,0.162162162,6,0
465,23,170000,RENT,3,DEBTCONSOLIDATION,C,24000,,0,Y,3,714,0.141176471,13,1
1004,48,18000,OWN,1,PERSONAL,B,2500,11.36,0,N,19,744,0.138888889,,0
467,21,43896,RENT,8,HOMEIMPROVEMENT,B,23975,,1,N,6,481,0.546177328,12,0
468,40,120000,RENT,4,MEDICAL,C,23750,13.47,0,N,14,466,0.197916667,9,0
469,49,54996,RENT,2,PERSONAL,B,23600,11.89,1,N,12,390,0.429122118,14,0
470,41,18000,MORTGAGE,0,DEBTCONSOLIDATION,B,10000,12.18,1,N,18,830,0.555555556,12,0
471,43,102000,RENT,9,DEBTCONSOLIDATION,C,23600,13.49,0,N,10,338,0.231372549,3,0
472,21,75000,RENT,3,PERSONAL,E,23575,14.5,1,N,0,425,0.314333333,2,0
473,23,18000,OWN,2,MEDICAL,C,4000,,1,N,7,750,0.222222222,8,0
474,38,18000,OWN,1,MEDICAL,D,5400,15.31,1,Y,10,472,0.3,3,2
475,45,18000,MORTGAGE,1,MEDICAL,B,4000,,1,N,12,519,0.222222222,5,0
476,30,18000,OWN,5,VENTURE,B,3375,,1,N,3,357,0.1875,12,0
477,42,66960,RENT,1,VENTURE,A,23400,7.49,1,N,15,775,0.349462366,6,0
478,46,43385,RENT,7,PERSONAL,C,23000,,1,N,19,755,0.530137144,12,0
479,23,56544,RENT,3,EDUCATION,B,23000,,1,N,2,660,0.406762875,10,0
480,28,60000,RENT,2,VENTURE,B,23000,12.18,1,N,2,300,0.383333333,14,0
481,34,18000,MORTGAGE,3,VENTURE,C,1200,11.34,0,Y,17,686,0.066666667,10,4
482,44,63208,RENT,9,EDUCATION,B,23000,9.91,1,N,19,647,0.36387799,1,0
483,38,65000,RENT,0,HOMEIMPROVEMENT,B,23000,11.99,1,N,11,489,0.353846154,7,0
484,35,68000,RENT,7,EDUCATION,B,23000,9.62,1,N,18,804,0.338235294,11,0
485,42,18000,OWN,1,DEBTCONSOLIDATION,B,3000,9.96,1,N,12,490,0.166666667,7,0
486,43,80000,RENT,9,VENTURE,C,23000,,0,N,14,807,0.2875,5,0
487,22,88000,RENT,1,VENTURE,D,23000,14.54,1,N,1,668,0.261363636,9,0
488,47,58600,RENT,5,MEDICAL,B,22750,11.36,1,N,17,708,0.388225256,11,0
489,30,70000,RENT,7,DEBTCONSOLIDATION,C,22500,14.27,1,N,7,416,0.321428571,2,0
490,22,18287,OWN,3,HOMEIMPROVEMENT,B,3000,11.99,1,N,1,433,0.164050965,5,0
491,46,69846,RENT,2,EDUCATION,F,22500,18.99,1,Y,15,357,0.322137273,2,5
492,37,73000,RENT,0,VENTURE,,22400,16.7,1,Y,14,472,0.306849315,14,4
493,28,18500,MORTGAGE,8,PERSONAL,A,5000,9.32,1,N,4,448,0.27027027,2,0
494,21,35000,RENT,2,DEBTCONSOLIDATION,B,22250,12.69,1,N,1,379,0.635714286,12,0
495,29,43000,RENT,9,HOMEIMPROVEMENT,C,22000,13.11,1,N,0,512,0.511627907,11,0
496,31,52000,RENT,4,PERSONAL,B,22000,10.74,1,N,14,502,0.423076923,9,0
497,42,18701,MORTGAGE,0,PERSONAL,D,4200,14.11,1,Y,11,528,0.22458692,7,4
498,36,57000,RENT,6,EDUCATION,B,22000,9.63,1,N,14,526,0.385964912,4,0
499,27,58000,RENT,0,MEDICAL,C,22000,14.65,1,N,6,831,0.379310345,14,0
500,49,60000,RENT,,DEBTCONSOLIDATION,B,22000,10.25,1,,13,740,0.366666667,11,0
501,30,60000,RENT,3,VENTURE,C,22000,14.26,1,Y,6,701,0.366666667,14,5
502,43,18840,MORTGAGE,5,EDUCATION,B,3000,9.91,1,N,20,346,0.159235669,8,0
503,46,56000,RENT,7,MEDICAL,E,22000,17.19,1,N,16,532,0.392857143,11,0
504,23,70000,RENT,3,EDUCATION,B,22000,11.36,1,N,5,604,0.314285714,11,0
505,38,66000,RENT,1,EDUCATION,F,22000,,1,N,11,825,0.333333333,13,0
506,45,,RENT,3,,B,22000,10.59,0,N,20,442,0.297040397,4,0
507,44,76597,RENT,5,EDUCATION,B,22000,9.25,0,N,20,714,0.287217515,1,0
508,33,19000,OWN,6,MEDICAL,A,3625,8.49,1,N,14,812,0.190789474,12,0
509,48,77000,RENT,0,VENTURE,A,22000,6.54,0,N,16,672,0.285714286,14,0
510,46,19000,OWN,5,MEDICAL,A,6000,8.49,1,N,20,558,0.315789474,10,0
511,27,80000,RENT,0,MEDICAL,A,22000,,0,N,6,770,0.275,14,0
512,45,82600,RENT,10,VENTURE,B,22000,12.69,0,N,14,311,0.266343826,3,0
513,24,19000,OWN,3,MEDICAL,C,7400,13.85,1,N,3,629,0.389473684,10,0
514,33,19000,OWN,3,DEBTCONSOLIDATION,A,4000,7.4,1,N,18,657,0.210526316,12,0
515,40,84000,RENT,3,DEBTCONSOLIDATION,B,22000,11.71,0,N,13,707,0.261904762,1,0
516,21,77650,RENT,8,PERSONAL,B,22000,11.48,1,N,2,672,0.283322601,2,0
517,28,82000,RENT,1,EDUCATION,E,22000,17.51,1,N,2,307,0.268292683,2,0
518,34,19012,MORTGAGE,0,DEBTCONSOLIDATION,D,3500,14.61,1,N,13,421,0.184094256,7,0
519,36,99996,RENT,3,DEBTCONSOLIDATION,A,22000,7.88,0,N,14,647,0.2200088,13,0
520,34,110000,RENT,0,PERSONAL,B,22000,,0,N,15,389,0.2,4,0
521,32,19200,MORTGAGE,6,PERSONAL,B,4950,11.71,1,N,12,615,0.2578125,10,0
522,39,57000,RENT,4,PERSONAL,B,21700,11.99,1,N,11,477,0.380701754,12,0
523,43,54000,RENT,5,VENTURE,C,21600,13.49,1,N,13,839,0.4,9,0
524,35,56000,RENT,8,MEDICAL,G,21600,21.21,1,Y,14,340,0.385714286,2,5
525,48,63000,RENT,2,DEBTCONSOLIDATION,C,21600,14.35,1,Y,13,801,0.342857143,9,4
526,22,82000,RENT,3,PERSONAL,C,21600,13.61,0,Y,5,444,0.263414634,6,5
527,22,78000,RENT,6,DEBTCONSOLIDATION,B,21600,11.26,1,N,2,500,0.276923077,10,0
528,43,19200,OWN,0,VENTURE,B,2400,10.59,0,N,12,760,0.125,8,0
529,42,112140,RENT,8,MEDICAL,A,21600,7.9,0,N,17,846,0.192616372,7,0
530,39,19200,MORTGAGE,,HOMEIMPROVEMENT,A,7000,5.99,1,N,19,552,0.364583333,11,0
531,45,19200,OWN,4,EDUCATION,B,3000,11.99,1,N,13,689,0.15625,13,0
532,46,59000,RENT,5,MEDICAL,D,21500,16.89,1,N,11,555,0.36440678,8,0
533,50,70000,RENT,5,HOMEIMPROVEMENT,B,21500,9.99,1,N,11,749,0.307142857,13,0
534,49,116000,RENT,5,EDUCATION,D,21500,15.33,0,Y,10,309,0.185344828,13,3
535,42,60000,RENT,5,EDUCATION,A,21450,7.29,1,N,13,541,0.3575,9,0
536,46,31000,RENT,5,DEBTCONSOLIDATION,B,21250,12.42,1,N,19,550,0.685483871,12,0
537,46,47052,RENT,5,VENTURE,B,21250,10.99,1,N,18,304,0.451627986,13,0
538,42,51060,RENT,9,VENTURE,A,21250,6.91,1,N,20,418,0.416177047,8,0
539,37,19200,MORTGAGE,6,DEBTCONSOLIDATION,C,5000,14.17,1,Y,16,673,0.260416667,6,4
540,40,53000,RENT,3,MEDICAL,B,21250,10.25,1,N,19,364,0.400943396,8,0
541,30,19200,OWN,0,EDUCATION,B,9250,,1,N,6,445,0.481770833,8,0
542,26,56000,RENT,8,VENTURE,D,21250,15.95,1,Y,4,523,0.379464286,2,2
543,35,65000,RENT,4,EDUCATION,D,21250,15.95,1,Y,16,538,0.326923077,2,1
544,42,35000,RENT,3,VENTURE,B,21000,12.53,1,N,17,476,0.6,11,0
545,31,19200,MORTGAGE,6,HOMEIMPROVEMENT,D,1400,14.91,1,Y,10,581,0.072916667,1,2
546,48,19200,MORTGAGE,7,MEDICAL,A,3000,,1,N,19,362,0.15625,10,0
547,25,40000,RENT,3,MEDICAL,A,21000,6.54,1,N,4,516,0.525,2,0
548,21,19200,OWN,2,VENTURE,B,1000,,0,N,1,760,0.052083333,7,0
549,28,42000,RENT,0,MEDICAL,F,21000,17.26,1,Y,7,404,0.5,11,4
550,41,63000,RENT,2,MEDICAL,B,21000,11.36,1,N,13,398,0.333333333,3,0
551,48,19200,MORTGAGE,5,VENTURE,A,4000,7.51,1,N,13,810,0.208333333,4,0
552,32,59000,RENT,2,PERSONAL,B,21000,10.71,1,N,13,684,0.355932203,4,0
553,32,70500,RENT,3,PERSONAL,C,21000,13.98,0,Y,15,704,0.29787234,4,2
554,25,65219,RENT,11,DEBTCONSOLIDATION,D,21000,14.09,1,N,6,817,0.321992058,2,0
555,27,75000,RENT,2,EDUCATION,B,21000,10,0,N,5,775,0.28,11,0
556,24,19200,MORTGAGE,3,MEDICAL,D,5000,15.33,1,N,0,736,0.260416667,6,0
557,26,62047,RENT,9,MEDICAL,E,21000,16.32,1,Y,3,322,0.338453108,1,2
558,33,79000,RENT,8,HOMEIMPROVEMENT,A,21000,7.9,0,N,17,757,0.265822785,12,0
559,40,80000,RENT,3,MEDICAL,B,21000,11.99,0,N,19,382,0.2625,14,0
560,50,84000,RENT,8,MEDICAL,B,21000,10.75,0,N,20,444,0.25,5,0
561,35,85000,RENT,3,HOMEIMPROVEMENT,C,21000,13.92,0,N,16,384,0.247058824,2,0
562,23,93000,RENT,1,EDUCATION,B,21000,9.91,0,N,5,377,0.225806452,9,0
563,43,81000,RENT,10,EDUCATION,E,21000,16.95,1,Y,15,756,0.259259259,2,3
564,28,97000,RENT,1,EDUCATION,A,21000,7.9,0,N,4,300,0.216494845,6,0
565,40,97000,RENT,3,EDUCATION,C,21000,,0,Y,15,350,0.216494845,4,4
566,36,100000,RENT,2,PERSONAL,D,21000,16.49,1,Y,18,745,0.21,14,1
567,33,19200,OTHER,0,PERSONAL,C,7500,11.97,1,Y,19,748,0.390625,6,1
568,38,19253,MORTGAGE,,DEBTCONSOLIDATION,A,6250,6.17,1,N,18,787,0.324624734,2,0
569,48,125000,RENT,5,HOMEIMPROVEMENT,A,21000,8.9,0,N,19,333,0.168,12,0
570,30,125000,RENT,9,EDUCATION,C,21000,12.99,0,Y,7,647,0.168,2,2
571,50,82000,RENT,2,PERSONAL,B,20900,12.69,0,N,19,394,0.254878049,12,0
572,39,19500,MORTGAGE,0,EDUCATION,B,15000,9.64,1,N,18,371,0.769230769,7,0
573,37,50000,RENT,7,VENTURE,A,20500,7.49,1,N,19,850,0.41,3,0
574,44,70000,RENT,2,EDUCATION,C,,13.16,0,Y,17,,0.292857143,3,1
575,39,19800,OWN,1,EDUCATION,A,2100,8.38,0,N,17,549,0.106060606,7,0
576,48,80004,RENT,2,EDUCATION,B,20400,10.25,0,N,10,737,0.254987251,8,0
577,46,54000,RENT,7,PERSONAL,A,20375,7.49,1,N,19,417,0.377314815,7,0
578,43,26000,RENT,10,EDUCATION,B,20050,9.76,1,N,20,605,0.771153846,3,0
579,46,33000,RENT,,DEBTCONSOLIDATION,B,20000,10.99,1,N,14,,0.606060606,3,0
580,25,20000,OWN,0,PERSONAL,B,5000,11.71,0,N,3,353,0.25,7,0
581,46,20000,OWN,6,PERSONAL,B,9250,10.65,0,N,11,535,0.4625,3,0
582,41,35364,RENT,1,MEDICAL,B,20000,12.53,1,N,17,688,0.565546884,13,0
583,50,38000,RENT,4,MEDICAL,D,20000,14.59,1,N,12,700,0.526315789,2,0
584,43,32000,RENT,3,DEBTCONSOLIDATION,D,20000,12.61,1,N,13,602,0.625,14,0
585,29,38004,RENT,6,MEDICAL,C,20000,13.11,1,N,3,506,0.526260394,7,0
586,32,,,2,MEDICAL,B,6400,10.65,0,N,16,,0.32,3,0
587,41,38556,RENT,9,PERSONAL,C,20000,11.22,1,Y,19,374,0.518726009,5,2
588,21,32900,RENT,1,EDUCATION,D,20000,16,1,N,0,734,0.607902736,7,0
589,46,34000,RENT,10,HOMEIMPROVEMENT,B,20000,8.88,1,N,11,402,0.588235294,13,0
590,46,40000,RENT,4,PERSONAL,B,20000,12.53,1,N,12,721,0.5,2,0
591,21,36000,RENT,5,MEDICAL,D,20000,,1,Y,3,605,0.555555556,8,1
592,35,20000,MORTGAGE,5,MEDICAL,A,4800,5.99,0,N,19,397,0.24,2,0
593,22,42000,RENT,2,EDUCATION,C,20000,13.47,1,N,0,634,0.476190476,4,0
594,50,42224,RENT,7,VENTURE,A,20000,6.99,1,N,16,734,0.473664267,4,0
595,42,20000,OWN,0,PERSONAL,D,5650,15.99,0,Y,11,746,0.2825,8,5
596,36,20000,MORTGAGE,7,EDUCATION,C,3625,,0,Y,14,607,0.18125,11,1
597,45,37212,RENT,6,DEBTCONSOLIDATION,E,20000,16.69,1,N,10,548,0.537461034,1,0
598,28,38000,RENT,9,MEDICAL,B,20000,11.11,1,N,2,465,0.526315789,12,0
599,33,45000,RENT,0,EDUCATION,A,20000,7.9,1,N,11,780,0.444444444,9,0
600,41,45000,RENT,4,PERSONAL,B,20000,10.25,1,N,10,634,0.444444444,6,0
601,21,45000,RENT,8,MEDICAL,E,20000,,1,N,6,841,0.444444444,4,0
602,36,20000,OWN,7,MEDICAL,A,1200,7.49,0,N,14,405,0.06,6,0
603,49,45000,RENT,1,DEBTCONSOLIDATION,C,20000,13.92,1,Y,10,380,0.444444444,13,5
604,27,39000,RENT,5,MEDICAL,D,20000,14.74,1,N,5,432,0.512820513,13,0
605,25,46500,RENT,5,EDUCATION,B,20000,10.62,1,N,7,437,0.430107527,6,0
606,42,48000,RENT,7,VENTURE,B,20000,10.65,1,N,14,483,0.416666667,13,0
607,49,42000,RENT,1,PERSONAL,D,20000,12.99,1,N,12,700,0.476190476,14,0
608,43,48500,RENT,1,VENTURE,B,20000,11.36,1,N,16,629,0.412371134,9,0
609,23,20000,OWN,3,EDUCATION,A,7500,5.79,0,N,7,807,0.375,11,0
610,32,49400,RENT,0,EDUCATION,A,20000,6.54,1,N,20,368,0.4048583,14,0
611,46,20000,MORTGAGE,1,VENTURE,A,4000,5.79,0,N,19,845,0.2,12,0
612,36,50000,RENT,10,DEBTCONSOLIDATION,A,20000,7.49,1,N,18,352,0.4,4,0
613,39,50000,RENT,9,EDUCATION,C,20000,13.43,1,N,18,749,0.4,8,0
614,25,50000,RENT,6,DEBTCONSOLIDATION,C,20000,13.22,1,N,5,504,0.4,1,0
615,42,20000,OWN,1,VENTURE,C,5000,14.72,0,N,18,425,0.25,6,0
616,45,44000,RENT,2,EDUCATION,E,20000,15.68,1,N,11,342,0.454545455,5,0
617,49,50866,RENT,6,MEDICAL,B,20000,,1,N,12,410,0.39318995,3,0
618,34,50950,RENT,5,HOMEIMPROVEMENT,B,20000,11.48,1,N,16,482,0.392541708,4,0
619,48,51000,RENT,8,VENTURE,B,20000,10.38,1,N,14,394,0.392156863,8,0
620,25,51000,RENT,5,EDUCATION,B,20000,12.53,1,N,1,673,0.392156863,11,0
621,35,51000,RENT,0,EDUCATION,C,20000,13.47,1,N,12,819,0.392156863,11,0
622,37,51500,RENT,6,VENTURE,B,20000,12.21,1,N,19,659,0.388349515,10,0
623,50,51996,RENT,9,VENTURE,B,20000,10.99,1,N,15,580,0.384644973,11,0
624,34,52000,RENT,1,EDUCATION,B,20000,11.36,1,N,16,494,0.384615385,14,0
625,50,46000,RENT,2,DEBTCONSOLIDATION,,20000,16,1,,18,494,0.434782609,,0
626,40,,MORTGAGE,1,PERSONAL,A,1500,7.74,0,N,10,,,8,0
627,25,52000,RENT,8,EDUCATION,D,20000,15.65,1,Y,2,360,0.384615385,7,2
628,32,46000,RENT,9,DEBTCONSOLIDATION,C,20000,11.78,1,Y,16,350,0.434782609,1,2
629,36,52559,RENT,9,HOMEIMPROVEMENT,B,20000,,1,N,17,702,0.380524744,13,0
630,46,47000,RENT,5,MEDICAL,D,20000,16.77,1,N,12,304,0.425531915,2,0
631,46,54000,RENT,2,EDUCATION,B,20000,9.91,1,N,13,765,0.37037037,7,0
632,36,48000,RENT,7,MEDICAL,D,20000,15.65,1,N,19,833,0.416666667,11,0
633,41,48000,RENT,0,MEDICAL,D,20000,14.96,1,N,15,704,0.416666667,13,0
634,27,54000,RENT,1,VENTURE,B,20000,11.83,1,N,1,812,0.37037037,11,0
635,24,48912,RENT,0,MEDICAL,C,20000,11.66,1,N,7,532,0.408897612,3,0
636,21,54996,RENT,8,EDUCATION,B,20000,12.18,1,N,6,823,0.363662812,2,0
637,50,55000,RENT,8,HOMEIMPROVEMENT,A,20000,6.91,1,N,13,645,0.363636364,1,0
638,50,55000,RENT,3,DEBTCONSOLIDATION,A,20000,6.91,1,N,17,345,0.363636364,7,0
639,25,49000,RENT,0,HOMEIMPROVEMENT,F,20000,19.79,1,N,4,845,0.408163265,3,0
640,43,55000,RENT,0,VENTURE,B,20000,9.88,1,N,10,377,0.363636364,6,0
641,46,20000,MORTGAGE,0,PERSONAL,B,16600,9.76,0,N,13,372,0.83,10,0
642,30,55000,RENT,5,DEBTCONSOLIDATION,B,20000,12.53,1,N,2,548,0.363636364,8,0
643,42,55200,RENT,7,VENTURE,B,20000,,1,N,18,346,0.362318841,6,0
644,25,20004,MORTGAGE,6,PERSONAL,A,7125,6.99,0,N,7,420,0.356178764,14,0
645,24,57000,RENT,3,EDUCATION,D,20000,16.89,1,N,0,513,0.350877193,7,0
646,22,51012,RENT,1,PERSONAL,D,20000,17.49,1,Y,2,538,0.392064612,11,5
647,40,20004,MORTGAGE,2,EDUCATION,E,2500,16.82,0,Y,15,355,0.124975005,6,2
648,30,20004,MORTGAGE,4,HOMEIMPROVEMENT,B,3600,,0,N,0,649,0.179964007,7,0
649,46,58000,RENT,0,DEBTCONSOLIDATION,C,20000,13.11,1,N,16,406,0.344827586,5,0
650,39,58800,RENT,7,DEBTCONSOLIDATION,A,20000,7.66,1,N,13,347,0.340136054,9,0
651,46,59000,RENT,10,MEDICAL,A,20000,6.17,1,N,10,636,0.338983051,3,0
652,21,53000,RENT,1,PERSONAL,E,20000,16.35,1,Y,3,325,0.377358491,6,5
653,44,60000,RENT,7,MEDICAL,A,20000,7.9,1,N,11,556,0.333333333,9,0
654,25,54000,RENT,2,VENTURE,D,20000,16.49,1,N,3,307,0.37037037,1,0
655,33,20245,OWN,5,VENTURE,A,3550,,0,N,14,552,0.175351939,5,0
656,24,20280,MORTGAGE,5,HOMEIMPROVEMENT,,7000,8,0,N,3,,0.345167653,13,0
657,36,60000,RENT,0,PERSONAL,B,20000,10.99,1,N,20,355,0.333333333,4,0
658,44,20352,OWN,3,VENTURE,A,7750,6.91,0,N,14,825,0.380797956,9,0
659,36,54000,RENT,6,PERSONAL,B,20000,8.88,1,N,17,773,0.37037037,11,0
660,43,60000,RENT,8,VENTURE,A,20000,,1,N,15,327,0.333333333,13,0
661,22,54000,RENT,6,DEBTCONSOLIDATION,D,20000,14.84,1,Y,7,377,0.37037037,11,2
662,37,54000,RENT,2,PERSONAL,B,20000,11.12,1,N,11,515,0.37037037,1,0
663,48,60000,RENT,4,EDUCATION,A,20000,7.88,1,N,12,685,0.333333333,13,0
664,47,60000,RENT,2,EDUCATION,B,20000,,1,N,15,664,0.333333333,4,0
665,40,20400,MORTGAGE,6,EDUCATION,D,6000,15.99,0,Y,19,825,0.294117647,1,3
666,44,20400,MORTGAGE,5,DEBTCONSOLIDATION,B,5500,10.99,0,N,12,611,0.269607843,3,0
667,32,60000,RENT,9,EDUCATION,B,20000,,1,N,15,306,0.333333333,4,0
668,38,54000,RENT,1,PERSONAL,D,20000,15.65,1,Y,15,302,0.37037037,1,1
669,23,54000,RENT,1,PERSONAL,E,20000,17.04,1,Y,1,662,0.37037037,5,2
670,48,60000,RENT,3,EDUCATION,B,20000,12.21,1,N,16,807,0.333333333,6,0
671,21,20400,OWN,2,EDUCATION,C,1275,15.23,0,Y,3,573,0.0625,1,1
672,21,54000,RENT,1,DEBTCONSOLIDATION,D,20000,14.11,1,N,1,805,0.37037037,10,0
673,49,60000,RENT,0,PERSONAL,B,20000,11.14,1,N,15,314,0.333333333,11,0
674,39,20400,OWN,5,MEDICAL,B,2400,11.49,0,N,10,491,0.117647059,13,0
675,31,60000,RENT,8,PERSONAL,D,20000,13.87,1,N,12,784,0.333333333,13,0
676,25,60000,RENT,3,HOMEIMPROVEMENT,B,20000,10.08,1,N,1,327,0.333333333,10,0
677,32,54504,RENT,1,PERSONAL,E,20000,16.7,1,Y,16,338,0.366945545,14,4
678,23,55000,RENT,2,VENTURE,E,20000,18.64,1,N,5,572,0.363636364,12,0
679,21,61000,RENT,2,HOMEIMPROVEMENT,B,20000,12.18,1,N,3,530,0.327868852,13,0
680,21,20400,OWN,0,DEBTCONSOLIDATION,D,3800,,0,Y,7,385,0.18627451,12,5
681,28,62000,RENT,3,MEDICAL,A,20000,6.54,1,N,5,773,0.322580645,4,0
682,30,56000,RENT,3,EDUCATION,D,20000,14.61,1,Y,3,425,0.357142857,4,5
683,31,56000,RENT,4,VENTURE,E,20000,17.39,1,Y,19,836,0.357142857,14,5
684,32,62400,RENT,8,HOMEIMPROVEMENT,B,20000,11.12,1,N,13,444,0.320512821,1,0
685,49,62400,RENT,7,VENTURE,B,20000,11.48,1,N,14,824,0.320512821,2,0
686,33,63000,RENT,3,MEDICAL,B,20000,12.42,1,N,18,511,0.317460317,11,0
687,32,58000,RENT,0,DEBTCONSOLIDATION,B,20000,10.25,1,N,16,324,0.344827586,10,0
688,34,65000,RENT,0,MEDICAL,B,20000,10.65,1,N,19,693,0.307692308,5,0
689,22,20800,OWN,0,PERSONAL,D,5000,16.29,0,Y,5,366,0.240384615,2,1
690,49,65000,RENT,0,MEDICAL,B,20000,10.37,1,N,18,532,0.307692308,3,0
691,39,65000,RENT,7,VENTURE,B,20000,11.49,1,N,16,408,0.307692308,9,0
692,38,20856,OWN,,VENTURE,B,10000,10.59,0,N,10,445,0.479478328,5,0
693,23,20868,OWN,0,VENTURE,C,5375,13.49,0,Y,7,410,0.257571401,1,3
694,43,59000,RENT,3,PERSONAL,C,20000,,1,N,17,527,0.338983051,5,0
695,37,59000,RENT,7,EDUCATION,C,20000,12.29,1,N,13,410,0.338983051,3,0
696,46,21000,MORTGAGE,5,DEBTCONSOLIDATION,D,3500,17.27,1,Y,12,769,0.166666667,1,1
697,28,65004,RENT,7,DEBTCONSOLIDATION,B,20000,11.99,1,N,7,333,0.307673374,3,0
698,49,59004,RENT,1,PERSONAL,D,20000,14.84,1,Y,16,668,0.338960071,11,4
699,46,59004,RENT,5,DEBTCONSOLIDATION,B,20000,10.83,1,N,12,724,0.338960071,6,0
700,30,65500,RENT,2,DEBTCONSOLIDATION,C,20000,13.22,1,N,7,817,0.305343511,10,0
701,46,66996,RENT,3,EDUCATION,B,20000,12.18,0,N,15,581,0.298525285,5,0
702,50,67000,RENT,0,MEDICAL,B,20000,11.11,0,N,14,619,0.298507463,12,0
703,22,67000,RENT,5,HOMEIMPROVEMENT,C,20000,13.48,0,Y,3,742,0.298507463,12,1
704,39,68000,RENT,10,EDUCATION,B,20000,10.75,0,N,17,614,0.294117647,1,0
705,29,68000,RENT,4,PERSONAL,C,20000,12.53,0,Y,7,676,0.294117647,11,4
706,27,62400,RENT,4,DEBTCONSOLIDATION,D,20000,14.84,1,N,3,588,0.320512821,2,0
707,24,69500,RENT,3,VENTURE,E,20000,17.74,0,Y,0,736,0.287769784,5,3
708,46,70000,RENT,5,HOMEIMPROVEMENT,B,20000,9.99,0,N,18,576,0.285714286,9,0
709,41,70000,RENT,2,PERSONAL,A,20000,6.91,0,N,14,802,0.285714286,11,0
710,38,64000,RENT,0,HOMEIMPROVEMENT,E,20000,,1,N,13,815,0.3125,14,0
711,33,71004,RENT,9,PERSONAL,D,20000,14.09,0,N,15,649,0.281674272,12,0
712,31,21000,MORTGAGE,4,DEBTCONSOLIDATION,B,3000,11.49,0,N,15,745,0.142857143,12,0
713,49,71004,RENT,8,EDUCATION,D,20000,14.09,0,N,11,649,0.281674272,13,0
714,44,55392,RENT,3,MEDICAL,D,20000,15.2,1,Y,17,436,0.361062969,5,1
715,24,72000,RENT,5,MEDICAL,B,20000,11.83,0,N,6,542,0.277777778,5,0
716,45,21000,OTHER,4,PERSONAL,B,6000,12.21,0,N,10,842,0.285714286,1,0
717,41,66000,RENT,1,VENTURE,D,20000,14.11,1,N,14,339,0.303030303,5,0
718,49,66000,RENT,3,DEBTCONSOLIDATION,D,20000,14.42,1,N,15,528,0.303030303,8,0
719,45,72000,RENT,4,HOMEIMPROVEMENT,D,20000,14.74,0,Y,13,847,0.277777778,9,1
720,24,74000,RENT,0,HOMEIMPROVEMENT,B,20000,12.69,0,N,1,522,0.27027027,10,0
721,30,21120,MORTGAGE,3,DEBTCONSOLIDATION,D,1625,16.89,1,Y,4,305,0.076941288,3,1
722,25,75000,RENT,8,DEBTCONSOLIDATION,B,20000,,0,N,5,621,0.266666667,4,0
723,29,21216,MORTGAGE,5,HOMEIMPROVEMENT,D,4500,,1,Y,3,767,0.212104072,7,2
724,44,21221,MORTGAGE,4,VENTURE,B,8500,9.63,0,N,10,374,0.400546628,7,0
725,23,75000,RENT,4,HOMEIMPROVEMENT,B,20000,8.88,0,N,6,303,0.266666667,1,0
726,37,75000,,5,MEDICAL,A,20000,6.91,0,N,11,417,,11,0
727,23,75000,RENT,3,EDUCATION,A,20000,,0,N,4,803,0.266666667,6,0
728,36,75000,RENT,0,PERSONAL,B,20000,10.38,0,N,11,740,0.266666667,13,0
729,24,69000,RENT,6,DEBTCONSOLIDATION,B,20000,10.99,1,N,0,493,0.289855072,12,0
730,38,,RENT,2,VENTURE,C,20000,,0,N,14,,0.266666667,,0
731,37,21600,MORTGAGE,6,PERSONAL,A,7575,,0,N,11,325,0.350694444,9,0
732,27,21600,OWN,5,EDUCATION,B,5200,12.42,0,N,2,734,0.240740741,5,0
733,44,69000,RENT,0,HOMEIMPROVEMENT,E,20000,14.82,1,N,18,472,0.289855072,8,0
734,43,75600,,3,PERSONAL,E,20000,,0,Y,18,599,0.264550265,11,2
735,50,59497,RENT,0,MEDICAL,E,20000,16,1,N,10,625,0.336151403,10,0
736,25,76000,RENT,7,MEDICAL,B,20000,10.37,0,N,2,709,0.263157895,11,0
737,32,70000,RENT,7,,C,20000,13.16,1,N,12,,0.285714286,,0
738,37,70000,RENT,8,VENTURE,E,20000,14.88,1,N,13,524,0.285714286,10,0
739,43,77004,RENT,6,DEBTCONSOLIDATION,C,20000,13.98,0,N,16,831,0.259726767,10,0
740,33,71004,RENT,0,HOMEIMPROVEMENT,D,20000,13.36,1,Y,19,412,0.281674272,13,5
741,43,21600,OWN,,VENTURE,A,7125,6.99,0,N,13,439,0.329861111,3,0
742,45,21600,MORTGAGE,,EDUCATION,A,4025,5.42,0,N,11,300,0.186342593,1,0
743,23,21600,MORTGAGE,8,MEDICAL,A,8000,5.42,0,N,6,389,0.37037037,14,0
744,29,78000,RENT,8,HOMEIMPROVEMENT,C,20000,13.85,0,Y,5,619,0.256410256,14,5
745,50,21600,MORTGAGE,,PERSONAL,C,4000,12.99,0,N,12,849,0.185185185,2,0
746,37,21600,OWN,,MEDICAL,B,4200,9.99,0,N,15,438,0.194444444,5,0
747,37,21600,MORTGAGE,6,VENTURE,C,1400,,0,N,20,810,0.064814815,14,0
748,50,78000,RENT,7,VENTURE,B,20000,,0,N,15,558,0.256410256,10,0
749,40,61200,RENT,4,MEDICAL,B,20000,11.14,1,N,14,309,0.326797386,7,0
750,36,21600,MORTGAGE,2,DEBTCONSOLIDATION,A,3800,5.99,0,N,13,560,0.175925926,11,0
751,45,72000,RENT,6,DEBTCONSOLIDATION,D,20000,,1,Y,19,471,0.277777778,6,2
752,42,78000,RENT,3,VENTURE,B,20000,11.58,0,N,10,312,0.256410256,4,0
753,33,78500,RENT,7,MEDICAL,C,20000,13.85,0,Y,19,467,0.25477707,9,3
754,47,79000,RENT,5,EDUCATION,D,20000,16.89,0,Y,15,620,0.253164557,12,3
755,39,80000,RENT,4,MEDICAL,A,20000,7.9,0,N,11,618,0.25,11,0
756,37,21600,OWN,2,VENTURE,C,6000,12.68,0,N,12,628,0.277777778,4,0
757,24,62900,RENT,6,MEDICAL,D,20000,14.91,1,N,5,849,0.317965024,3,0
758,32,80000,RENT,3,VENTURE,C,20000,13.06,0,N,17,718,0.25,11,0
759,49,80000,RENT,7,EDUCATION,B,20000,8.88,0,N,19,394,0.25,5,0
760,29,21600,MORTGAGE,7,EDUCATION,A,2000,6.17,0,N,5,617,0.092592593,4,0
761,39,80000,RENT,3,EDUCATION,C,20000,13.98,0,Y,15,535,0.25,2,3
762,32,21600,OWN,3,VENTURE,A,8500,6.54,0,N,12,633,0.393518519,3,0
763,29,62900,RENT,2,,C,20000,13.85,1,,7,675,,7,0
764,27,21600,MORTGAGE,0,HOMEIMPROVEMENT,B,1000,10.36,0,N,6,758,0.046296296,12,0
765,48,74004,RENT,2,PERSONAL,E,20000,15.95,1,Y,13,436,0.270255662,2,5
766,34,80004,RENT,9,HOMEIMPROVEMENT,C,20000,14.26,0,Y,18,846,0.249987501,1,1
767,40,80700,RENT,7,MEDICAL,B,20000,11.71,0,N,14,812,0.247831475,2,0
768,39,81000,RENT,3,DEBTCONSOLIDATION,C,20000,13.49,0,N,12,595,0.24691358,12,0
769,46,21600,MORTGAGE,0,DEBTCONSOLIDATION,D,2000,14.84,1,N,11,619,0.092592593,8,0
770,35,82000,RENT,6,EDUCATION,C,20000,,0,Y,20,648,0.243902439,8,3
771,36,76042,RENT,6,HOMEIMPROVEMENT,D,20000,15.05,1,Y,11,528,0.263012546,12,1
772,41,76654,RENT,2,EDUCATION,C,20000,13.79,1,Y,12,569,0.260912673,10,3
773,25,83500,RENT,1,EDUCATION,C,20000,13.48,0,N,1,590,0.239520958,2,0
774,23,21600,OWN,,VENTURE,A,3000,6.76,0,N,5,464,0.138888889,6,0
775,32,84000,RENT,7,PERSONAL,B,20000,11.11,0,N,13,304,0.238095238,11,0
776,45,84000,RENT,9,EDUCATION,C,20000,13.92,0,N,11,678,0.238095238,12,0
777,40,21600,OWN,0,EDUCATION,B,4400,12.53,0,N,19,377,0.203703704,11,0
778,47,21600,MORTGAGE,2,DEBTCONSOLIDATION,B,10000,11.14,0,N,18,709,0.462962963,11,0
779,41,78996,RENT,2,HOMEIMPROVEMENT,D,20000,14.11,1,N,11,431,0.253177376,7,0
780,24,85000,RENT,0,MEDICAL,A,20000,7.49,0,N,0,341,0.235294118,1,0
781,41,85000,RENT,3,DEBTCONSOLIDATION,B,20000,10.25,0,N,15,388,0.235294118,7,0
782,43,73000,RENT,3,PERSONAL,B,20000,12.53,1,N,10,701,0.273972603,12,0
783,36,21816,MORTGAGE,2,PERSONAL,B,1500,11.86,0,N,13,595,0.068756876,11,0
784,45,21840,OWN,1,VENTURE,A,9000,7.88,0,N,10,594,0.412087912,8,0
785,27,85000,RENT,4,HOMEIMPROVEMENT,B,20000,,0,N,5,825,0.235294118,9,0
786,33,21948,MORTGAGE,2,VENTURE,D,4000,,0,N,15,721,0.182248952,14,0
787,41,87000,RENT,5,DEBTCONSOLIDATION,C,20000,13.85,0,N,13,322,0.229885057,8,0
788,30,21996,OWN,4,PERSONAL,C,6000,13.23,0,N,2,442,0.272776869,3,0
789,46,90000,RENT,5,PERSONAL,B,20000,,0,N,12,444,0.222222222,8,0
790,27,78000,RENT,0,HOMEIMPROVEMENT,F,20000,18.25,1,Y,0,524,0.256410256,3,1
1005,34,90000,RENT,9,DEBTCONSOLIDATION,A,20000,6.54,0,N,15,,0.222222222,6,0
792,46,90000,RENT,2,MEDICAL,B,20000,11.49,0,N,18,403,0.222222222,4,0
793,25,90000,RENT,10,MEDICAL,B,20000,11.49,0,N,4,338,0.222222222,7,0
794,23,22000,MORTGAGE,6,EDUCATION,B,7000,11.71,0,N,4,497,0.318181818,8,0
795,43,90000,RENT,0,DEBTCONSOLIDATION,C,20000,13.57,0,N,11,690,0.222222222,10,0
796,49,91229,RENT,2,EDUCATION,C,20000,14.35,0,N,17,478,0.219228535,6,0
797,31,22000,MORTGAGE,3,DEBTCONSOLIDATION,B,3825,10.65,0,N,14,747,0.173863636,10,0
798,31,92000,RENT,6,VENTURE,F,20000,15.65,0,Y,11,799,0.217391304,4,1
799,38,22000,MORTGAGE,3,VENTURE,A,6500,,0,N,13,314,0.295454545,8,0
800,35,22000,MORTGAGE,9,EDUCATION,A,5875,6.62,1,N,18,588,0.267045455,7,0
801,32,92407,RENT,9,MEDICAL,B,20000,9.25,0,N,13,777,0.21643382,10,0
802,29,22000,MORTGAGE,0,MEDICAL,B,2400,11.71,0,N,4,530,0.109090909,8,0
803,30,22000,MORTGAGE,8,PERSONAL,A,8000,5.42,0,N,3,719,0.363636364,13,0
804,46,93492,RENT,0,DEBTCONSOLIDATION,B,20000,9.45,0,N,13,456,0.213922047,10,0
805,32,22000,MORTGAGE,5,DEBTCONSOLIDATION,A,1550,7.49,1,N,11,849,0.070454545,7,0
806,37,94500,RENT,2,PERSONAL,B,20000,,0,N,15,740,0.211640212,14,0
807,49,83000,RENT,7,DEBTCONSOLIDATION,C,20000,,1,N,20,396,0.240963855,3,0
808,26,95000,RENT,2,EDUCATION,B,20000,10.99,0,N,5,710,0.210526316,3,0
809,27,95000,RENT,4,HOMEIMPROVEMENT,D,20000,,0,Y,1,588,0.210526316,9,5
810,34,22000,OWN,5,VENTURE,A,7350,7.66,0,N,16,553,0.334090909,14,0
811,33,96000,RENT,1,MEDICAL,C,20000,13.04,0,N,12,495,0.208333333,7,0
812,28,22000,MORTGAGE,6,PERSONAL,A,7200,7.14,0,N,6,821,0.327272727,12,0
813,30,85200,RENT,6,VENTURE,D,20000,15.65,1,Y,2,816,0.234741784,1,5
814,29,98000,RENT,2,EDUCATION,B,20000,11.83,0,N,4,417,0.204081633,3,0
815,38,22000,OWN,1,DEBTCONSOLIDATION,D,3000,16,0,Y,12,458,0.136363636,11,2
816,47,99000,RENT,7,EDUCATION,D,20000,15.28,0,N,11,527,0.202020202,1,0
817,46,22000,OWN,2,DEBTCONSOLIDATION,D,4000,15.05,0,N,19,515,0.181818182,6,0
818,22,22000,OWN,1,DEBTCONSOLIDATION,D,8500,15.05,0,N,0,314,0.386363636,13,0
819,25,99996,RENT,0,HOMEIMPROVEMENT,C,20000,14.22,0,Y,1,456,0.200008,2,4
820,49,87996,RENT,0,HOMEIMPROVEMENT,E,20000,16.35,1,N,20,560,0.227283058,7,0
821,25,22000,OWN,6,VENTURE,B,7500,10.96,0,N,1,456,0.340909091,8,0
822,26,100000,RENT,9,HOMEIMPROVEMENT,C,,13.06,,N,4,346,,13,0
823,39,100000,RENT,9,HOMEIMPROVEMENT,C,20000,13.06,0,Y,17,623,0.2,13,4
824,28,22000,OWN,0,VENTURE,E,7500,,0,Y,6,429,0.340909091,13,2
825,36,22080,MORTGAGE,3,EDUCATION,A,6700,,0,N,18,710,0.303442029,6,0
826,33,74800,RENT,3,MEDICAL,D,20000,14.96,1,Y,16,394,0.267379679,5,3
827,21,74800,RENT,1,MEDICAL,E,20000,17.04,1,Y,2,591,0.267379679,10,1
828,42,100000,RENT,0,PERSONAL,B,20000,12.21,0,N,18,582,0.2,4,0
829,40,22260,MORTGAGE,9,PERSONAL,A,6400,7.88,0,N,12,368,0.287511231,9,0
830,37,22296,OWN,,PERSONAL,A,5400,5.42,0,N,14,310,0.24219591,8,0
831,27,104000,RENT,0,DEBTCONSOLIDATION,B,20000,10.74,0,N,0,553,0.192307692,5,0
832,45,93000,RENT,6,PERSONAL,C,20000,13.22,1,N,12,849,0.215053763,13,0
833,33,95000,RENT,0,DEBTCONSOLIDATION,D,20000,14.59,1,Y,16,433,0.210526316,1,4
834,24,108000,RENT,0,HOMEIMPROVEMENT,C,20000,,0,N,7,322,0.185185185,8,0
835,24,96901,RENT,3,PERSONAL,C,20000,,1,N,7,645,0.206396219,8,0
836,26,110000,RENT,3,EDUCATION,B,20000,12.42,0,N,3,601,0.181818182,7,0
837,48,110000,RENT,7,EDUCATION,C,20000,14.17,0,N,10,662,0.181818182,7,0
838,39,110000,RENT,6,DEBTCONSOLIDATION,C,20000,13.72,0,N,13,695,0.181818182,8,0
839,49,110000,RENT,1,PERSONAL,B,20000,10.38,0,N,13,517,0.181818182,1,0
840,32,110000,RENT,2,VENTURE,B,20000,,0,N,16,440,0.181818182,12,0
841,42,22800,MORTGAGE,5,PERSONAL,A,2000,7.51,0,N,17,509,0.087719298,3,0
842,27,22800,MORTGAGE,0,HOMEIMPROVEMENT,B,7125,11.71,1,N,0,759,0.3125,4,0
843,47,22800,MORTGAGE,2,PERSONAL,A,3000,8.9,1,N,14,655,0.131578947,11,0
844,30,85000,RENT,7,MEDICAL,,20000,,1,N,6,623,,6,0
845,46,22800,MORTGAGE,3,PERSONAL,A,4800,5.79,0,N,13,432,0.210526316,10,0
846,39,22800,MORTGAGE,,PERSONAL,C,8300,12.61,1,Y,13,426,0.364035088,12,1
847,27,120000,RENT,4,MEDICAL,B,20000,10.37,0,N,3,405,0.166666667,10,0
848,50,22800,OWN,3,HOMEIMPROVEMENT,B,4750,11.36,0,N,15,677,0.208333333,9,0
849,23,121000,RENT,8,VENTURE,A,20000,8.9,0,N,6,350,0.165289256,4,0
850,33,125000,RENT,7,VENTURE,B,20000,11.11,0,N,11,328,0.16,6,0
851,33,22800,MORTGAGE,0,EDUCATION,A,3000,8.94,0,,14,761,,9,0
852,38,130000,RENT,0,PERSONAL,C,20000,15.27,0,N,13,595,0.153846154,14,0
853,48,130000,RENT,10,DEBTCONSOLIDATION,C,20000,13.11,0,Y,12,596,0.153846154,14,1
854,50,22884,MORTGAGE,4,EDUCATION,E,6000,16,0,N,16,706,0.262191924,13,0
855,46,133000,RENT,3,EDUCATION,D,20000,12.36,0,Y,20,704,0.15037594,9,4
856,40,23000,MORTGAGE,5,DEBTCONSOLIDATION,A,10625,7.51,0,N,15,645,0.461956522,6,0
857,48,23000,MORTGAGE,2,MEDICAL,A,7000,8.9,0,N,16,719,0.304347826,5,0
858,28,140000,RENT,9,EDUCATION,A,20000,6.54,0,N,4,481,0.142857143,3,0
859,49,138000,RENT,2,VENTURE,D,20000,15.99,1,Y,15,300,0.144927536,5,5
860,29,23000,MORTGAGE,7,HOMEIMPROVEMENT,D,3600,17.27,1,Y,4,670,0.156521739,3,4
861,27,148000,RENT,1,DEBTCONSOLIDATION,E,20000,17.99,1,N,5,730,0.135135135,5,0
862,21,160000,RENT,6,PERSONAL,A,20000,7.49,0,N,6,608,0.125,13,0
863,23,23000,MORTGAGE,2,DEBTCONSOLIDATION,B,4800,10,0,N,1,436,0.208695652,10,0
864,33,160000,RENT,3,HOMEIMPROVEMENT,B,20000,9.99,0,N,20,501,0.125,10,0
865,48,168000,RENT,1,VENTURE,B,20000,11.36,0,N,14,735,0.119047619,1,0
866,50,172500,RENT,3,HOMEIMPROVEMENT,B,20000,11.83,0,N,15,612,0.115942029,6,0
867,45,23000,MORTGAGE,6,DEBTCONSOLIDATION,C,3000,13.35,0,N,15,416,0.130434783,7,0
868,48,175000,RENT,3,DEBTCONSOLIDATION,C,20000,14.72,0,Y,14,543,0.114285714,2,1
869,37,23000,MORTGAGE,,HOMEIMPROVEMENT,A,4400,6.76,0,N,19,836,0.191304348,3,0
870,45,58000,RENT,9,MEDICAL,B,19900,11.83,1,N,16,374,0.343103448,10,0
871,44,116000,RENT,10,MEDICAL,B,19800,11.48,0,N,19,685,0.170689655,9,0
872,21,19500,RENT,0,MEDICAL,C,500,11.41,0,N,7,509,0.025641026,8,0
873,26,23000,MORTGAGE,4,PERSONAL,C,10000,,1,Y,6,774,0.434782609,4,5
874,41,19000,RENT,0,EDUCATION,C,,,0,N,14,717,0.036842105,11,0
875,26,23000,MORTGAGE,4,EDUCATION,D,7000,14.96,0,Y,0,646,0.304347826,12,2
876,46,19000,RENT,0,DEBTCONSOLIDATION,C,750,12.29,0,Y,14,828,0.039473684,8,1
877,32,10000,RENT,,PERSONAL,B,1000,10.37,1,N,19,478,0.1,11,0
878,33,10000,RENT,0,HOMEIMPROVEMENT,D,1000,14.74,1,N,11,481,0.1,8,0
879,33,10140,RENT,,HOMEIMPROVEMENT,C,1000,13.43,1,N,14,324,0.098619329,14,0
880,49,23000,MORTGAGE,1,EDUCATION,A,2400,9.63,0,N,14,479,0.104347826,6,0
881,35,23000,OTHER,0,EDUCATION,B,2400,12.21,0,N,11,800,0.104347826,14,0
882,41,10500,RENT,,MEDICAL,B,1000,10.25,1,N,14,460,0.095238095,1,0
883,36,11220,RENT,,MEDICAL,C,1000,12.99,0,N,13,476,0.08912656,2,0
884,42,11760,RENT,0,VENTURE,C,1000,13.98,0,N,10,584,0.085034014,4,0
885,41,11820,RENT,,DEBTCONSOLIDATION,C,1000,14.65,0,N,12,362,0.084602369,4,0
886,31,12000,RENT,0,EDUCATION,B,1000,10.65,0,N,10,455,0.083333333,2,0
887,48,12000,RENT,1,EDUCATION,C,1000,13.98,0,N,20,768,0.083333333,9,0
888,25,12000,RENT,0,PERSONAL,C,1000,13.57,1,N,6,348,0.083333333,2,0
889,24,12240,RENT,1,PERSONAL,D,1000,14.96,1,Y,4,383,0.081699346,13,4
890,23,13728,RENT,,DEBTCONSOLIDATION,B,1000,10,1,N,3,660,0.072843823,13,0
891,39,14400,RENT,1,VENTURE,,,,1,N,16,447,0.069444444,6,0
892,40,23040,OWN,0,VENTURE,B,2000,11.11,0,N,14,641,0.086805556,5,0
893,45,23040,OWN,1,VENTURE,D,5000,,0,N,19,775,0.217013889,4,0
894,38,14400,RENT,2,VENTURE,E,1000,16.69,1,Y,13,362,0.069444444,6,2
895,35,23040,OWN,0,EDUCATION,A,15000,8.94,0,N,11,659,0.651041667,4,0
896,29,15000,RENT,0,MEDICAL,D,1000,14.3,1,Y,3,626,0.066666667,9,2
897,37,,RENT,2,VENTURE,D,1000,15.65,1,Y,11,440,0.0625,,1
898,34,16800,RENT,,VENTURE,B,1000,11.49,0,N,17,514,0.05952381,10,0
899,35,16800,RENT,2,EDUCATION,C,1000,13.48,0,Y,12,734,0.05952381,7,4
900,21,19200,RENT,2,EDUCATION,B,1000,12.53,0,N,0,617,0.052083333,3,0
901,41,39600,RENT,,,B,19000,10.62,1,N,13,331,0.47979798,12,0
902,42,39900,RENT,4,VENTURE,B,19000,12.18,1,N,15,584,0.476190476,10,0
903,42,47000,RENT,4,MEDICAL,B,19000,11.99,1,N,19,604,0.404255319,4,0
904,23,50000,RENT,2,HOMEIMPROVEMENT,B,19000,10.99,1,N,4,728,0.38,1,0
905,36,52000,RENT,5,MEDICAL,B,19000,,1,N,19,776,0.365384615,6,0
906,43,23500,MORTGAGE,2,DEBTCONSOLIDATION,B,7000,10.38,0,N,10,585,0.29787234,2,0
907,45,47500,RENT,10,PERSONAL,E,19000,16.7,1,Y,18,443,0.4,4,2
908,31,54000,RENT,8,DEBTCONSOLIDATION,C,19000,,1,Y,10,723,0.351851852,13,4
909,32,54000,RENT,6,VENTURE,A,19000,,1,N,17,318,0.351851852,5,0
910,30,54586,RENT,5,PERSONAL,B,19000,11.14,1,N,0,317,0.348074598,12,0
911,36,62004,RENT,5,MEDICAL,A,19000,7.49,1,N,18,670,0.306431843,8,0
912,28,70000,RENT,1,MEDICAL,B,19000,8.88,0,N,0,474,0.271428571,3,0
913,26,72000,RENT,3,MEDICAL,B,19000,10.99,0,N,1,493,0.263888889,6,0
914,32,73000,RENT,8,HOMEIMPROVEMENT,B,19000,10.62,0,N,10,801,0.260273973,1,0
915,44,78000,RENT,2,VENTURE,A,19000,8.9,0,N,19,412,0.243589744,9,0
916,48,23920,MORTGAGE,0,MEDICAL,D,6000,14.59,1,Y,11,413,0.25083612,12,2
917,41,23964,OWN,,VENTURE,B,2500,9.91,0,N,19,521,0.104323151,1,0
918,28,96000,RENT,6,PERSONAL,C,19000,13.22,0,Y,7,563,0.197916667,2,3
919,46,105000,RENT,2,HOMEIMPROVEMENT,C,19000,12.29,0,Y,17,354,0.180952381,1,3
920,48,175000,RENT,1,PERSONAL,B,19000,11.48,0,N,14,757,0.108571429,8,0
921,24,50000,RENT,10,PERSONAL,B,18950,,1,N,3,461,0.379,13,0
922,46,55000,RENT,7,DEBTCONSOLIDATION,A,18800,6.99,1,N,20,679,0.341818182,4,0
923,28,70000,RENT,2,DEBTCONSOLIDATION,B,18750,10.38,0,N,6,386,0.267857143,2,0
924,46,36500,RENT,0,VENTURE,A,18725,6.54,1,N,11,354,0.513013699,7,0
925,48,43000,RENT,4,DEBTCONSOLIDATION,B,18550,11.83,1,N,17,775,0.431395349,8,0
926,38,24000,OWN,0,VENTURE,B,7100,12.42,0,N,20,477,0.295833333,9,0
927,48,34300,RENT,4,MEDICAL,B,18500,10.71,1,N,15,690,0.539358601,5,0
928,48,36000,RENT,3,EDUCATION,C,18500,10.91,1,N,17,648,0.513888889,14,0
929,25,38000,RENT,2,MEDICAL,A,18500,,1,N,0,307,0.486842105,3,0
930,29,55784,RENT,2,DEBTCONSOLIDATION,C,18500,13.61,1,N,6,612,0.331636311,1,0
931,24,74196,RENT,2,EDUCATION,B,18500,11.26,0,N,0,742,0.249339587,8,0
932,47,75000,RENT,0,EDUCATION,A,18500,7.49,0,N,16,627,0.246666667,13,0
933,42,73000,RENT,0,HOMEIMPROVEMENT,A,18500,7.9,1,N,17,353,0.253424658,14,0
934,37,24000,OWN,5,MEDICAL,B,8000,9.91,0,N,12,538,0.333333333,6,0
935,29,24000,MORTGAGE,0,VENTURE,A,3000,7.9,0,N,4,528,0.125,5,0
936,21,78000,RENT,1,VENTURE,F,18500,15.33,1,N,7,350,0.237179487,13,0
937,41,,,3,EDUCATION,C,18500,12.87,0,Y,10,,0.127586207,7,3
938,40,24000,MORTGAGE,5,EDUCATION,A,5000,7.9,0,N,16,717,0.208333333,5,0
939,33,48888,RENT,1,PERSONAL,C,18400,13.16,1,N,14,395,0.376370479,11,0
940,48,50000,RENT,2,DEBTCONSOLIDATION,B,18400,9.99,1,N,17,387,0.368,4,0
941,36,120000,RENT,7,PERSONAL,A,18400,8.9,0,N,17,377,0.153333333,5,0
942,49,24000,MORTGAGE,1,VENTURE,C,5000,14.65,1,N,18,587,0.208333333,12,0
943,33,24000,MORTGAGE,0,DEBTCONSOLIDATION,C,6000,13.49,0,Y,16,419,0.25,14,1
944,34,34000,RENT,0,VENTURE,B,18250,10.25,1,N,20,790,0.536764706,11,0
945,23,35004,RENT,3,PERSONAL,B,18250,11.49,1,N,0,751,0.521368986,7,0
946,49,34500,RENT,1,VENTURE,E,18250,17.04,1,N,12,799,0.528985507,14,0
947,26,42504,RENT,0,MEDICAL,B,18250,10.25,1,N,7,464,0.429371353,11,0
948,38,24000,MORTGAGE,4,VENTURE,A,1300,5.42,0,N,12,481,0.054166667,6,0
949,39,36996,RENT,2,PERSONAL,D,18250,14.61,1,Y,17,768,0.493296573,10,3
950,25,45600,RENT,2,VENTURE,C,18250,13.35,1,N,0,306,0.400219298,10,0
951,35,24000,MORTGAGE,,DEBTCONSOLIDATION,A,5800,5.99,0,N,14,629,0.241666667,13,0
952,45,46000,RENT,6,PERSONAL,B,18250,10.75,1,N,13,450,0.39673913,12,0
953,22,46000,RENT,8,DEBTCONSOLIDATION,C,18250,14.26,1,N,4,384,0.39673913,14,0
954,30,55044,RENT,4,VENTURE,E,18250,17.56,1,N,7,446,0.331552939,11,0
955,44,49200,RENT,,VENTURE,D,18250,14.83,1,N,19,680,0.370934959,9,0
956,50,50000,RENT,6,DEBTCONSOLIDATION,E,18250,16.7,1,Y,13,847,0.365,10,1
957,38,50000,RENT,4,VENTURE,B,18225,10.74,1,N,20,584,0.3645,2,0
958,47,44000,RENT,0,HOMEIMPROVEMENT,D,18225,14.91,1,N,13,381,0.414204545,14,0
959,33,36000,RENT,4,VENTURE,B,18200,8.88,1,N,12,813,0.505555556,7,0
960,25,36400,RENT,2,PERSONAL,B,18200,9.91,1,N,6,822,0.5,1,0
961,43,36000,RENT,6,DEBTCONSOLIDATION,B,18200,11.71,1,N,12,685,0.505555556,8,0
962,44,55000,RENT,4,EDUCATION,B,18200,10.99,1,N,12,770,0.330909091,4,0
963,21,27000,RENT,2,VENTURE,C,18000,11.54,1,Y,2,418,0.666666667,8,4
964,42,24000,OWN,2,EDUCATION,D,8000,15.62,0,N,19,695,0.333333333,8,0
965,21,33000,RENT,4,VENTURE,B,18000,9.91,1,N,4,831,0.545454545,4,0
966,38,36000,RENT,,PERSONAL,B,18000,9.88,1,N,14,560,0.5,4,0
967,35,30720,RENT,5,EDUCATION,C,18000,13.48,1,Y,15,555,0.5859375,5,1
968,37,39996,RENT,2,EDUCATION,B,18000,9.25,1,N,17,525,0.450045005,13,0
969,31,40000,RENT,2,MEDICAL,C,18000,13.11,1,Y,19,352,0.45,7,5
970,41,24000,MORTGAGE,2,DEBTCONSOLIDATION,B,5000,10.99,0,N,15,799,0.208333333,6,0
971,46,42000,RENT,3,VENTURE,A,18000,6.17,1,N,10,805,0.428571429,1,0
972,45,24000,MORTGAGE,3,MEDICAL,A,8000,5.99,0,N,17,663,0.333333333,6,0
973,42,24000,OWN,1,EDUCATION,A,2400,7.49,0,N,17,579,0.1,3,0
974,47,42765,RENT,9,DEBTCONSOLIDATION,C,18000,11.03,1,Y,18,457,0.420904946,9,4
975,47,43000,RENT,9,MEDICAL,A,18000,7.9,1,N,18,358,0.418604651,3,0
976,37,44000,RENT,7,EDUCATION,C,18000,13.57,1,Y,11,427,0.409090909,9,5
977,33,44000,RENT,6,VENTURE,B,18000,12.18,1,N,11,414,0.409090909,5,0
978,21,39000,RENT,3,MEDICAL,E,18000,17.19,1,N,2,508,0.461538462,12,0
979,22,46800,RENT,6,MEDICAL,C,18000,15.23,1,Y,0,825,0.384615385,10,5
980,29,48000,RENT,5,EDUCATION,B,18000,,1,N,3,820,0.375,8,0
981,23,42000,RENT,8,HOMEIMPROVEMENT,D,18000,14.46,1,Y,5,536,0.428571429,9,1
982,21,24000,OWN,5,VENTURE,A,4200,6.99,0,N,3,580,0.175,9,0
983,41,43400,RENT,2,DEBTCONSOLIDATION,E,18000,16.63,1,Y,18,658,0.414746544,7,4
984,36,50000,RENT,1,MEDICAL,B,18000,12.42,1,N,18,500,0.36,10,0
985,43,50000,RENT,4,VENTURE,A,18000,7.9,1,N,18,577,0.36,1,0
986,26,24000,MORTGAGE,2,MEDICAL,D,5000,15.99,1,Y,1,534,0.208333333,8,5
987,48,24000,OWN,,PERSONAL,B,4200,10.99,0,N,16,793,0.175,7,0
988,37,50000,RENT,5,EDUCATION,C,18000,13.11,1,N,11,303,0.36,4,0
989,25,50000,RENT,6,VENTURE,C,18000,13.79,1,N,1,741,0.36,6,0
990,25,24000,OWN,3,EDUCATION,B,2500,10.59,0,N,4,328,0.104166667,10,0
991,26,52000,RENT,6,EDUCATION,C,18000,,1,N,3,408,0.346153846,2,0
992,23,24000,OWN,1,MEDICAL,C,6000,12.68,0,Y,3,374,0.25,4,5
993,41,52000,RENT,2,VENTURE,C,18000,12.98,1,N,20,445,0.346153846,8,0
994,43,52000,RENT,1,VENTURE,C,18000,13.85,1,Y,17,427,0.346153846,4,5
995,25,52526,RENT,9,VENTURE,B,18000,12.21,1,N,1,341,0.342687431,10,0
996,41,46610,RENT,6,DEBTCONSOLIDATION,B,18000,10.71,1,N,15,655,0.386183222,4,0
997,25,48000,RENT,5,PERSONAL,A,,6.54,1,,4,340,0.375,14,0
998,30,24000,OWN,0,PERSONAL,A,8000,5.79,0,N,4,333,0.333333333,4,0
999,30,55000,RENT,2,EDUCATION,C,18000,12.84,1,N,7,316,0.327272727,14,0
